Well	Well Position	Omit	Sample Name	Target Name	Task	Reporter	Quencher	Quantity	Quantity Mean	Quantity SD	RQ	RQ Min	RQ Max	CT	Ct Mean	Ct SD	Delta Ct	Delta Ct Mean	Delta Ct SE	Delta Delta Ct	Automatic Ct Threshold	Ct Threshold	Automatic Baseline	Baseline Start	Baseline End	Comments	Tm1	Tm2	Tm3	MTP	EXPFAIL	PRFLOW	NOISE	NOAMP	BADROX	PRFDROP	THOLDFAIL
1	A1	FALSO	SA77 DUAL EVPLV	ABCB1	UNKNOWN	FAM	NFQ-MGB							25.995	25.995						VERO	0.040	VERO	1	45		78.592			N	N	N	N	N	N	N	Y
2	A2	FALSO	SA77 DUAL EVPLV	ABCC3	UNKNOWN	FAM	NFQ-MGB							27.298	27.298						VERO	0.055	VERO	1	45		79.512			N	N	N	N	N	N	N	N
3	A3	FALSO	SA77 DUAL EVPLV	ABCC5	UNKNOWN	FAM	NFQ-MGB							31.313	31.313						VERO	0.040	VERO	1	45		82.009			N	N	N	N	N	N	N	Y
4	A4	FALSO	SA77 DUAL EVPLV	ABCG2	UNKNOWN	FAM	NFQ-MGB							34.099	34.099						VERO	0.042	VERO	1	45		74.779			N	N	N	N	N	N	N	N
5	A5	FALSO	SA77 DUAL EVPLV	ABL1	UNKNOWN	FAM	NFQ-MGB							31.229	31.229						VERO	0.040	VERO	1	45		78.197			N	N	N	N	N	N	N	Y
6	A6	FALSO	SA77 DUAL EVPLV	ACE	UNKNOWN	FAM	NFQ-MGB							34.283	34.283						VERO	0.041	VERO	1	45		80.695			N	N	N	N	N	N	N	N
7	A7	FALSO	SA77 DUAL EVPLV	ACTA2	UNKNOWN	FAM	NFQ-MGB							31.278	31.278						VERO	0.040	VERO	1	45		81.484			N	N	N	N	N	N	N	Y
8	A8	FALSO	SA77 DUAL EVPLV	ACTB	UNKNOWN	FAM	NFQ-MGB							24.394	24.394						VERO	0.041	VERO	1	45		80.301			N	N	N	N	N	N	N	N
9	A9	FALSO	SA77 DUAL EVPLV	ACTG2	UNKNOWN	FAM	NFQ-MGB							Undetermined							VERO	0.200	VERO	1	45		62.028			N	Y	N	N	Y	N	N	Y
10	A10	FALSO	SA77 DUAL EVPLV	ADAM17	UNKNOWN	FAM	NFQ-MGB							29.266	29.266						VERO	0.051	VERO	1	45		75.831			N	N	N	N	N	N	N	N
11	A11	FALSO	SA77 DUAL EVPLV	ADIPOQ	UNKNOWN	FAM	NFQ-MGB							Undetermined							VERO	0.200	VERO	1	45		75.174			N	Y	N	N	Y	N	N	Y
12	A12	FALSO	SA77 DUAL EVPLV	ADM	UNKNOWN	FAM	NFQ-MGB							34.268	34.268						VERO	0.047	VERO	1	45		78.986			N	N	N	N	N	N	N	N
13	A13	FALSO	SA77 DUAL EVPLV	ADORA1	UNKNOWN	FAM	NFQ-MGB							Undetermined							VERO	0.200	VERO	1	45		61.634			N	Y	N	N	Y	N	N	Y
14	A14	FALSO	SA77 DUAL EVPLV	ADRB2	UNKNOWN	FAM	NFQ-MGB							34.925	34.925						VERO	0.040	VERO	1	45		79.775			N	N	N	N	N	N	N	Y
15	A15	FALSO	SA77 DUAL EVPLV	AEBP1	UNKNOWN	FAM	NFQ-MGB							33.742	33.742						VERO	0.056	VERO	1	45		77.934			N	N	N	N	N	N	N	N
16	A16	FALSO	SA77 DUAL EVPLV	AGER	UNKNOWN	FAM	NFQ-MGB							28.243	28.243						VERO	0.040	VERO	1	45		81.878			N	N	N	N	N	N	N	Y
17	A17	FALSO	SA77 DUAL EVPLV	AGT	UNKNOWN	FAM	NFQ-MGB							36.945	36.945						VERO	0.043	VERO	1	45		82.141			N	N	N	N	N	N	N	N
18	A18	FALSO	SA77 DUAL EVPLV	AGTR1	UNKNOWN	FAM	NFQ-MGB							Undetermined							VERO	0.200	VERO	1	45		61.502			N	Y	N	N	Y	N	N	Y
19	A19	FALSO	SA77 DUAL EVPLV	AHR	UNKNOWN	FAM	NFQ-MGB							25.498	25.498						VERO	0.049	VERO	1	45		78.329			N	N	N	N	N	N	N	N
20	A20	FALSO	SA77 DUAL EVPLV	AIFM1	UNKNOWN	FAM	NFQ-MGB							26.998	26.998						VERO	0.040	VERO	1	45		77.540			N	N	N	N	N	N	N	Y
21	A21	FALSO	SA77 DUAL EVPLV	AKR1B10	UNKNOWN	FAM	NFQ-MGB							Undetermined							VERO	0.200	VERO	1	45		61.371			N	Y	N	N	Y	N	N	Y
22	A22	FALSO	SA77 DUAL EVPLV	AKR1C2	UNKNOWN	FAM	NFQ-MGB							29.507	29.507						VERO	0.046	VERO	1	45		80.826			N	N	N	N	N	N	N	N
23	A23	FALSO	SA77 DUAL EVPLV	AKT1	UNKNOWN	FAM	NFQ-MGB							33.520	33.520						VERO	0.040	VERO	1	45		80.432			N	N	N	N	N	N	N	Y
24	A24	FALSO	SA77 DUAL EVPLV	AKT2	UNKNOWN	FAM	NFQ-MGB							32.765	32.765						VERO	0.043	VERO	1	45		87.399			N	N	N	N	N	N	Y	N
25	B1	FALSO	SA77 DUAL EVPLV	AKT3	UNKNOWN	FAM	NFQ-MGB							33.840	33.840						VERO	0.040	VERO	1	45		77.408	70.178		Y	N	N	N	N	N	N	Y
26	B2	FALSO	SA77 DUAL EVPLV	ALCAM	UNKNOWN	FAM	NFQ-MGB							28.481	28.481						VERO	0.040	VERO	1	45		77.146			N	N	N	N	N	N	N	Y
27	B3	FALSO	SA77 DUAL EVPLV	ALDH1A1	UNKNOWN	FAM	NFQ-MGB							36.227	36.227						VERO	0.044	VERO	1	45		76.883			N	N	N	N	N	Y	N	N
28	B4	FALSO	SA77 DUAL EVPLV	ALDH1A3	UNKNOWN	FAM	NFQ-MGB							36.385	36.385						VERO	0.040	VERO	1	45		78.723			N	N	N	N	N	N	N	Y
29	B5	FALSO	SA77 DUAL EVPLV	ALPL	UNKNOWN	FAM	NFQ-MGB							40.862	40.862						VERO	0.040	VERO	1	45		83.981	64.789		Y	N	N	N	N	N	N	Y
30	B6	FALSO	SA77 DUAL EVPLV	ANGPT2	UNKNOWN	FAM	NFQ-MGB							Undetermined							VERO	0.200	VERO	1	45		63.080			N	Y	N	N	Y	N	N	Y
31	B7	FALSO	SA77 DUAL EVPLV	ANGPTL4	UNKNOWN	FAM	NFQ-MGB							30.878	30.878						VERO	0.051	VERO	1	45		83.324			N	N	N	N	N	N	N	N
32	B8	FALSO	SA77 DUAL EVPLV	ANXA1	UNKNOWN	FAM	NFQ-MGB							29.386	29.386						VERO	0.040	VERO	1	45		75.042			N	N	N	N	N	N	N	Y
33	B9	FALSO	SA77 DUAL EVPLV	ANXA2	UNKNOWN	FAM	NFQ-MGB							33.776	33.776						VERO	0.054	VERO	1	45		78.329			N	N	N	N	N	N	N	N
34	B10	FALSO	SA77 DUAL EVPLV	APC	UNKNOWN	FAM	NFQ-MGB							34.181	34.181						VERO	0.053	VERO	1	45		78.329			N	N	N	N	N	N	N	N
35	B11	FALSO	SA77 DUAL EVPLV	APEX1	UNKNOWN	FAM	NFQ-MGB							24.965	24.965						VERO	0.061	VERO	1	45		77.146			N	N	N	N	N	N	N	N
36	B12	FALSO	SA77 DUAL EVPLV	APOA1	UNKNOWN	FAM	NFQ-MGB							Undetermined							VERO	0.200	VERO	1	45		61.371			N	Y	N	N	Y	Y	N	Y
37	B13	FALSO	SA77 DUAL EVPLV	APOA2	UNKNOWN	FAM	NFQ-MGB							Undetermined							VERO	0.200	VERO	1	45		61.108			N	Y	N	N	Y	N	N	Y
38	B14	FALSO	SA77 DUAL EVPLV	APOA4	UNKNOWN	FAM	NFQ-MGB							Undetermined							VERO	0.200	VERO	1	45		61.239	75.437	90.423	Y	Y	N	N	Y	N	N	Y
39	B15	FALSO	SA77 DUAL EVPLV	APOA5	UNKNOWN	FAM	NFQ-MGB							Undetermined							VERO	0.200	VERO	1	45		61.239	75.305	89.897	Y	Y	N	N	Y	N	N	Y
40	B16	FALSO	SA77 DUAL EVPLV	APOD	UNKNOWN	FAM	NFQ-MGB							Undetermined							VERO	0.200	VERO	1	45		75.962	61.502	81.878	Y	Y	N	N	Y	N	N	Y
41	B17	FALSO	SA77 DUAL EVPLV	APOE	UNKNOWN	FAM	NFQ-MGB							33.898	33.898						VERO	0.046	VERO	1	45		81.747			N	N	N	N	N	Y	N	N
42	B18	FALSO	SA77 DUAL EVPLV	APP	UNKNOWN	FAM	NFQ-MGB							27.821	27.821						VERO	0.040	VERO	1	45		77.540			N	N	N	N	N	N	N	Y
43	B19	FALSO	SA77 DUAL EVPLV	AR	UNKNOWN	FAM	NFQ-MGB							33.987	33.987						VERO	0.053	VERO	1	45		82.272			N	N	N	N	N	Y	Y	N
44	B20	FALSO	SA77 DUAL EVPLV	ARNT	UNKNOWN	FAM	NFQ-MGB							30.947	30.947						VERO	0.046	VERO	1	45		79.117			N	N	N	N	N	N	N	N
45	B21	FALSO	SA77 DUAL EVPLV	ATF2	UNKNOWN	FAM	NFQ-MGB							28.761	28.761						VERO	0.056	VERO	1	45		78.854			N	N	N	N	N	N	Y	N
46	B22	FALSO	SA77 DUAL EVPLV	ATM	UNKNOWN	FAM	NFQ-MGB							29.957	29.957						VERO	0.042	VERO	1	45		77.934			N	N	N	N	N	Y	Y	N
47	B23	FALSO	SA77 DUAL EVPLV	ATR	UNKNOWN	FAM	NFQ-MGB							27.400	27.400						VERO	0.040	VERO	1	45		74.911			N	N	N	N	N	N	N	Y
48	B24	FALSO	SA77 DUAL EVPLV	AURKA	UNKNOWN	FAM	NFQ-MGB							27.441	27.441						VERO	0.040	VERO	1	45		75.174			N	N	N	N	N	N	N	Y
49	C1	FALSO	SA77 DUAL EVPLV	AURKB	UNKNOWN	FAM	NFQ-MGB							27.749	27.749						VERO	0.050	VERO	1	45		83.587			N	N	N	N	N	N	Y	N
50	C2	FALSO	SA77 DUAL EVPLV	B2M	UNKNOWN	FAM	NFQ-MGB							27.410	27.410						VERO	0.054	VERO	1	45		78.066			N	N	N	N	N	N	Y	N
51	C3	FALSO	SA77 DUAL EVPLV	BAD	UNKNOWN	FAM	NFQ-MGB							30.328	30.328						VERO	0.043	VERO	1	45		81.352			N	N	N	N	N	N	N	N
52	C4	FALSO	SA77 DUAL EVPLV	BARD1	UNKNOWN	FAM	NFQ-MGB							27.675	27.675						VERO	0.051	VERO	1	45		77.540			N	N	N	N	N	N	Y	N
53	C5	FALSO	SA77 DUAL EVPLV	BAX	UNKNOWN	FAM	NFQ-MGB							29.638	29.638						VERO	0.040	VERO	1	45		80.301			N	N	N	N	N	N	N	Y
54	C6	FALSO	SA77 DUAL EVPLV	BCL2	UNKNOWN	FAM	NFQ-MGB							39.096	39.096						VERO	0.042	VERO	1	45		71.493			N	N	N	N	N	N	N	N
55	C7	FALSO	SA77 DUAL EVPLV	BCL2L1	UNKNOWN	FAM	NFQ-MGB							29.209	29.209						VERO	0.047	VERO	1	45		80.958			N	N	N	N	N	N	N	N
56	C8	FALSO	SA77 DUAL EVPLV	BDNF	UNKNOWN	FAM	NFQ-MGB							31.486	31.486						VERO	0.043	VERO	1	45		77.408			N	N	N	N	N	N	N	N
57	C9	FALSO	SA77 DUAL EVPLV	BID	UNKNOWN	FAM	NFQ-MGB							26.368	26.368						VERO	0.052	VERO	1	45		78.723			N	N	N	N	N	N	N	N
58	C10	FALSO	SA77 DUAL EVPLV	BLM	UNKNOWN	FAM	NFQ-MGB							28.626	28.626						VERO	0.054	VERO	1	45		74.385			N	N	N	N	N	Y	Y	N
59	C11	FALSO	SA77 DUAL EVPLV	BMI1	UNKNOWN	FAM	NFQ-MGB							29.000	29.000						VERO	0.040	VERO	1	45		81.352			N	N	N	N	N	N	N	Y
60	C12	FALSO	SA77 DUAL EVPLV	BMP2	UNKNOWN	FAM	NFQ-MGB							29.130	29.130						VERO	0.050	VERO	1	45		86.216	80.432		Y	N	N	N	N	Y	Y	N
61	C13	FALSO	SA77 DUAL EVPLV	BMP4	UNKNOWN	FAM	NFQ-MGB							30.519	30.519						VERO	0.049	VERO	1	45		75.174			N	N	N	N	N	Y	Y	N
62	C14	FALSO	SA77 DUAL EVPLV	BRAF	UNKNOWN	FAM	NFQ-MGB							28.892	28.892						VERO	0.056	VERO	1	45		77.934			N	N	N	N	N	N	Y	N
63	C15	FALSO	SA77 DUAL EVPLV	BRCA1	UNKNOWN	FAM	NFQ-MGB							28.412	28.412						VERO	0.040	VERO	1	45		78.986			N	N	N	N	N	N	N	Y
64	C16	FALSO	SA77 DUAL EVPLV	BRCA2	UNKNOWN	FAM	NFQ-MGB							28.831	28.831						VERO	0.050	VERO	1	45		74.648			N	N	N	N	N	N	N	N
65	C17	FALSO	SA77 DUAL EVPLV	CA9	UNKNOWN	FAM	NFQ-MGB							31.190	31.190						VERO	0.040	VERO	1	45		79.643			N	N	N	N	N	Y	Y	Y
66	C18	FALSO	SA77 DUAL EVPLV	CALD1	UNKNOWN	FAM	NFQ-MGB							31.911	31.911						VERO	0.050	VERO	1	45		75.831			N	N	N	N	N	N	N	N
67	C19	FALSO	SA77 DUAL EVPLV	CALM1	UNKNOWN	FAM	NFQ-MGB							22.842	22.842						VERO	0.042	VERO	1	45		79.512			N	N	N	N	N	Y	N	N
68	C20	FALSO	SA77 DUAL EVPLV	CALM3	UNKNOWN	FAM	NFQ-MGB							24.919	24.919						VERO	0.040	VERO	1	45		83.587			N	N	N	N	N	N	Y	Y
69	C21	FALSO	SA77 DUAL EVPLV	CALU	UNKNOWN	FAM	NFQ-MGB							25.917	25.917						VERO	0.047	VERO	1	45		72.150			N	N	N	N	N	N	Y	N
70	C22	FALSO	SA77 DUAL EVPLV	CASP1	UNKNOWN	FAM	NFQ-MGB							33.385	33.385						VERO	0.040	VERO	1	45		81.089			N	N	N	N	N	N	N	Y
71	C23	FALSO	SA77 DUAL EVPLV	CASP3	UNKNOWN	FAM	NFQ-MGB							28.837	28.837						VERO	0.051	VERO	1	45		76.357			N	N	N	N	N	N	N	N
72	C24	FALSO	SA77 DUAL EVPLV	CASP8	UNKNOWN	FAM	NFQ-MGB							31.774	31.774						VERO	0.040	VERO	1	45		78.723			N	N	N	N	N	N	N	Y
73	D1	FALSO	SA77 DUAL EVPLV	CAT	UNKNOWN	FAM	NFQ-MGB							29.514	29.514						VERO	0.053	VERO	1	45		77.277			N	N	N	N	N	Y	Y	N
74	D2	FALSO	SA77 DUAL EVPLV	CAV1	UNKNOWN	FAM	NFQ-MGB							32.380	32.380						VERO	0.045	VERO	1	45		80.169			N	N	N	N	N	N	N	N
75	D3	FALSO	SA77 DUAL EVPLV	CCNA1	UNKNOWN	FAM	NFQ-MGB							Undetermined							VERO	0.200	VERO	1	45		61.239	70.310	80.432	Y	Y	N	N	Y	N	N	Y
76	D4	FALSO	SA77 DUAL EVPLV	CCNA2	UNKNOWN	FAM	NFQ-MGB							25.918	25.918						VERO	0.052	VERO	1	45		75.700			N	N	N	N	N	N	N	N
77	D5	FALSO	SA77 DUAL EVPLV	CCNB1	UNKNOWN	FAM	NFQ-MGB							23.366	23.366						VERO	0.048	VERO	1	45		77.671			N	N	N	N	N	N	Y	N
78	D6	FALSO	SA77 DUAL EVPLV	CCNB2	UNKNOWN	FAM	NFQ-MGB							25.461	25.461						VERO	0.040	VERO	1	45		79.249			N	N	N	N	N	N	N	Y
79	D7	FALSO	SA77 DUAL EVPLV	CCND1	UNKNOWN	FAM	NFQ-MGB							27.521	27.521						VERO	0.063	VERO	1	45		84.770			N	N	N	N	N	N	N	N
80	D8	FALSO	SA77 DUAL EVPLV	CCND2	UNKNOWN	FAM	NFQ-MGB							26.035	26.035						VERO	0.040	VERO	1	45		80.301			N	N	N	N	N	N	N	Y
81	D9	FALSO	SA77 DUAL EVPLV	CCND3	UNKNOWN	FAM	NFQ-MGB							31.106	31.106						VERO	0.041	VERO	1	45		81.089			N	N	N	N	N	N	N	N
82	D10	FALSO	SA77 DUAL EVPLV	CCNE1	UNKNOWN	FAM	NFQ-MGB							28.806	28.806						VERO	0.050	VERO	1	45		76.488			N	N	N	N	N	N	N	N
83	D11	FALSO	SA77 DUAL EVPLV	CD4	UNKNOWN	FAM	NFQ-MGB							Undetermined							VERO	0.200	VERO	1	45		76.094			N	Y	N	N	Y	N	N	Y
84	D12	FALSO	SA77 DUAL EVPLV	CD44	UNKNOWN	FAM	NFQ-MGB							25.927	25.927						VERO	0.047	VERO	1	45		76.094			N	N	N	N	N	Y	Y	N
85	D13	FALSO	SA77 DUAL EVPLV	CD68	UNKNOWN	FAM	NFQ-MGB							33.712	33.712						VERO	0.040	VERO	1	45		80.563			N	N	N	N	N	N	N	Y
86	D14	FALSO	SA77 DUAL EVPLV	CDC20	UNKNOWN	FAM	NFQ-MGB							28.415	28.415						VERO	0.047	VERO	1	45		78.197			N	N	N	N	N	N	N	N
87	D15	FALSO	SA77 DUAL EVPLV	CDC25A	UNKNOWN	FAM	NFQ-MGB							32.679	32.679						VERO	0.079	VERO	1	45		75.700			N	N	N	N	N	Y	N	N
88	D16	FALSO	SA77 DUAL EVPLV	CDC25B	UNKNOWN	FAM	NFQ-MGB							29.881	29.881						VERO	0.040	VERO	1	45		80.169			N	N	N	N	N	Y	Y	Y
89	D17	FALSO	SA77 DUAL EVPLV	CDC25C	UNKNOWN	FAM	NFQ-MGB							33.519	33.519						VERO	0.044	VERO	1	45		76.751			N	N	N	N	N	Y	Y	N
90	D18	FALSO	SA77 DUAL EVPLV	CDH1	UNKNOWN	FAM	NFQ-MGB							29.857	29.857						VERO	0.040	VERO	1	45		77.671			N	N	N	N	N	N	N	Y
91	D19	FALSO	SA77 DUAL EVPLV	CDH2	UNKNOWN	FAM	NFQ-MGB							Undetermined							VERO	0.200	VERO	1	45		61.108			N	Y	N	N	Y	N	N	Y
92	D20	FALSO	SA77 DUAL EVPLV	CDK1	UNKNOWN	FAM	NFQ-MGB							44.383	44.383						VERO	0.200	VERO	1	45		81.878			N	N	Y	Y	N	N	N	Y
93	D21	FALSO	SA77 DUAL EVPLV	CDK2	UNKNOWN	FAM	NFQ-MGB							27.879	27.879						VERO	0.040	VERO	1	45		77.671			N	N	N	N	N	N	N	Y
94	D22	FALSO	SA77 DUAL EVPLV	CDK4	UNKNOWN	FAM	NFQ-MGB							25.017	25.017						VERO	0.040	VERO	1	45		79.117			N	N	N	N	N	N	N	Y
95	D23	FALSO	SA77 DUAL EVPLV	CDKN1A	UNKNOWN	FAM	NFQ-MGB							32.667	32.667						VERO	0.040	VERO	1	45		83.981			N	N	N	N	N	N	N	Y
96	D24	FALSO	SA77 DUAL EVPLV	CDKN1B	UNKNOWN	FAM	NFQ-MGB							25.915	25.915						VERO	0.040	VERO	1	45		74.779			N	N	N	N	N	N	N	Y
97	E1	FALSO	SA77 DUAL EVPLV	CDKN2A	UNKNOWN	FAM	NFQ-MGB							34.803	34.803						VERO	0.040	VERO	1	45		79.643			N	N	N	N	N	Y	N	Y
98	E2	FALSO	SA77 DUAL EVPLV	CDKN2B	UNKNOWN	FAM	NFQ-MGB							40.320	40.320						VERO	0.040	VERO	1	45		82.404			N	N	N	N	N	N	N	Y
99	E3	FALSO	SA77 DUAL EVPLV	CDX2	UNKNOWN	FAM	NFQ-MGB							34.241	34.241						VERO	0.040	VERO	1	45		82.009			N	N	N	N	N	N	N	Y
100	E4	FALSO	SA77 DUAL EVPLV	CEBPA	UNKNOWN	FAM	NFQ-MGB							29.303	29.303						VERO	0.064	VERO	1	45		83.061			N	N	N	N	N	N	N	N
101	E5	FALSO	SA77 DUAL EVPLV	CHEK1	UNKNOWN	FAM	NFQ-MGB							26.960	26.960						VERO	0.040	VERO	1	45		76.883			N	N	N	N	N	N	Y	Y
102	E6	FALSO	SA77 DUAL EVPLV	CHEK2	UNKNOWN	FAM	NFQ-MGB							28.183	28.183						VERO	0.053	VERO	1	45		76.620			N	N	N	N	N	N	N	N
103	E7	FALSO	SA77 DUAL EVPLV	CLDN1	UNKNOWN	FAM	NFQ-MGB							31.401	31.401						VERO	0.042	VERO	1	45		80.169			N	N	N	N	N	N	N	N
104	E8	FALSO	SA77 DUAL EVPLV	CLSTN	UNKNOWN	FAM	NFQ-MGB							30.125	30.125						VERO	0.040	VERO	1	45		74.253			N	N	N	N	N	N	N	Y
105	E9	FALSO	SA77 DUAL EVPLV	CLU	UNKNOWN	FAM	NFQ-MGB							27.730	27.730						VERO	0.043	VERO	1	45		76.094			N	N	N	N	N	N	N	N
106	E10	FALSO	SA77 DUAL EVPLV	COL1A1	UNKNOWN	FAM	NFQ-MGB							30.613	30.613						VERO	0.040	VERO	1	45		85.164	65.840		Y	N	N	N	N	N	N	Y
107	E11	FALSO	SA77 DUAL EVPLV	COL1A2	UNKNOWN	FAM	NFQ-MGB							Undetermined							VERO	0.200	VERO	1	45		61.502			N	Y	N	N	Y	N	N	Y
108	E12	FALSO	SA77 DUAL EVPLV	COL3A1	UNKNOWN	FAM	NFQ-MGB							Undetermined							VERO	0.200	VERO	1	45		60.845			N	Y	N	N	Y	N	N	Y
109	E13	FALSO	SA77 DUAL EVPLV	COL4A1	UNKNOWN	FAM	NFQ-MGB							39.182	39.182						VERO	0.040	VERO	1	45		61.108			N	N	N	N	N	N	N	Y
110	E14	FALSO	SA77 DUAL EVPLV	COL4A2	UNKNOWN	FAM	NFQ-MGB							Undetermined							VERO	0.200	VERO	1	45		61.108			N	Y	N	N	Y	N	N	Y
111	E15	FALSO	SA77 DUAL EVPLV	COL5A2	UNKNOWN	FAM	NFQ-MGB							34.915	34.915						VERO	0.040	VERO	1	45		78.854			N	N	N	N	N	N	N	Y
112	E16	FALSO	SA77 DUAL EVPLV	CREB1	UNKNOWN	FAM	NFQ-MGB							27.635	27.635						VERO	0.049	VERO	1	45		76.094			N	N	N	N	N	N	N	N
113	E17	FALSO	SA77 DUAL EVPLV	CREBBP	UNKNOWN	FAM	NFQ-MGB							Undetermined							VERO	0.200	VERO	1	45		75.568	61.371	83.193	Y	Y	N	N	Y	Y	N	Y
114	E18	FALSO	SA77 DUAL EVPLV	CRP	UNKNOWN	FAM	NFQ-MGB							Undetermined							VERO	0.200	VERO	1	45		61.502			N	Y	N	N	Y	N	N	Y
115	E19	FALSO	SA77 DUAL EVPLV	CSF1	UNKNOWN	FAM	NFQ-MGB							Undetermined							VERO	0.200	VERO	1	45		76.094			N	Y	N	N	Y	N	N	Y
116	E20	FALSO	SA77 DUAL EVPLV	CSF1R	UNKNOWN	FAM	NFQ-MGB							Undetermined							VERO	0.200	VERO	1	45		62.159			N	Y	N	N	Y	Y	N	Y
117	E21	FALSO	SA77 DUAL EVPLV	CSNK2A1	UNKNOWN	FAM	NFQ-MGB							31.437	31.437						VERO	0.040	VERO	1	45		83.850	67.155		Y	N	N	N	N	N	N	Y
118	E22	FALSO	SA77 DUAL EVPLV	CSNK2B	UNKNOWN	FAM	NFQ-MGB							26.419	26.419						VERO	0.046	VERO	1	45		77.408			N	N	N	N	N	N	N	N
119	E23	FALSO	SA77 DUAL EVPLV	CCN2	UNKNOWN	FAM	NFQ-MGB							32.546	32.546						VERO	0.040	VERO	1	45		79.643			N	N	N	N	N	N	N	Y
120	E24	FALSO	SA77 DUAL EVPLV	CTNNB1	UNKNOWN	FAM	NFQ-MGB							25.889	25.889						VERO	0.052	VERO	1	45		77.671			N	N	N	N	N	N	N	N
121	F1	FALSO	SA77 DUAL EVPLV	CTSB	UNKNOWN	FAM	NFQ-MGB							26.969	26.969						VERO	0.042	VERO	1	45		80.563			N	N	N	N	N	N	N	N
122	F2	FALSO	SA77 DUAL EVPLV	CCN1	UNKNOWN	FAM	NFQ-MGB							30.225	30.225						VERO	0.047	VERO	1	45		78.329			N	N	N	N	N	N	N	N
123	F3	FALSO	SA77 DUAL EVPLV	DDB1	UNKNOWN	FAM	NFQ-MGB							28.425	28.425						VERO	0.045	VERO	1	45		82.404			N	N	N	N	N	N	N	N
124	F4	FALSO	SA77 DUAL EVPLV	DDB2	UNKNOWN	FAM	NFQ-MGB							29.431	29.431						VERO	0.040	VERO	1	45		81.221			N	N	N	N	N	N	N	Y
125	F5	FALSO	SA77 DUAL EVPLV	DLC1	UNKNOWN	FAM	NFQ-MGB							Undetermined							VERO	0.200	VERO	1	45		75.437	88.451		Y	Y	N	N	N	N	N	Y
126	F6	FALSO	SA77 DUAL EVPLV	DNMT1	UNKNOWN	FAM	NFQ-MGB							30.738	30.738						VERO	0.040	VERO	1	45		78.723			N	N	N	N	N	N	N	Y
127	F7	FALSO	SA77 DUAL EVPLV	DPP4	UNKNOWN	FAM	NFQ-MGB							29.142	29.142						VERO	0.040	VERO	1	45		73.728			N	N	N	N	N	N	N	Y
128	F8	FALSO	SA77 DUAL EVPLV	DUSP1	UNKNOWN	FAM	NFQ-MGB							31.387	31.387						VERO	0.065	VERO	1	45		81.352			N	N	N	N	N	N	N	N
129	F9	FALSO	SA77 DUAL EVPLV	DUSP4	UNKNOWN	FAM	NFQ-MGB							32.434	32.434						VERO	0.072	VERO	1	45		79.643			N	N	N	N	N	N	N	N
130	F10	FALSO	SA77 DUAL EVPLV	E2F1	UNKNOWN	FAM	NFQ-MGB							33.628	33.628						VERO	0.040	VERO	1	45		78.723			N	N	N	N	N	N	N	Y
131	F11	FALSO	SA77 DUAL EVPLV	EDN1	UNKNOWN	FAM	NFQ-MGB							30.640	30.640						VERO	0.060	VERO	1	45		80.169			N	N	N	N	N	N	N	N
132	F12	FALSO	SA77 DUAL EVPLV	EGF	UNKNOWN	FAM	NFQ-MGB							Undetermined							VERO	0.200	VERO	1	45		61.108			N	Y	N	N	Y	N	N	Y
133	F13	FALSO	SA77 DUAL EVPLV	EGFR	UNKNOWN	FAM	NFQ-MGB							32.056	32.056						VERO	0.040	VERO	1	45		79.775			N	N	N	N	N	N	N	Y
134	F14	FALSO	SA77 DUAL EVPLV	EGR1	UNKNOWN	FAM	NFQ-MGB							28.005	28.005						VERO	0.040	VERO	1	45		77.408			N	N	N	N	N	N	N	Y
135	F15	FALSO	SA77 DUAL EVPLV	ENG	UNKNOWN	FAM	NFQ-MGB							Undetermined							VERO	0.200	VERO	1	45		60.976			N	Y	N	N	Y	N	N	Y
136	F16	FALSO	SA77 DUAL EVPLV	ENO1	UNKNOWN	FAM	NFQ-MGB							24.919	24.919						VERO	0.040	VERO	1	45		81.615			N	N	N	N	N	N	N	Y
137	F17	FALSO	SA77 DUAL EVPLV	EP300	UNKNOWN	FAM	NFQ-MGB							29.091	29.091						VERO	0.076	VERO	1	45		78.066			N	N	N	N	N	N	Y	N
138	F18	FALSO	SA77 DUAL EVPLV	EPCAM	UNKNOWN	FAM	NFQ-MGB							20.706	20.706						VERO	0.055	VERO	1	45		77.146			N	N	N	N	N	N	N	N
139	F19	FALSO	SA77 DUAL EVPLV	EPO	UNKNOWN	FAM	NFQ-MGB							Undetermined							VERO	0.200	VERO	1	45		61.634			N	Y	N	N	Y	N	N	Y
140	F20	FALSO	SA77 DUAL EVPLV	ERBB2	UNKNOWN	FAM	NFQ-MGB							36.108	36.108						VERO	0.063	VERO	1	45		80.695			N	N	N	N	N	N	N	N
141	F21	FALSO	SA77 DUAL EVPLV	ERBB3	UNKNOWN	FAM	NFQ-MGB							30.645	30.645						VERO	0.040	VERO	1	45		77.014			N	N	N	N	N	N	N	Y
142	F22	FALSO	SA77 DUAL EVPLV	ERCC1	UNKNOWN	FAM	NFQ-MGB							28.457	28.457						VERO	0.050	VERO	1	45		81.747			N	N	N	N	N	N	N	N
143	F23	FALSO	SA77 DUAL EVPLV	ESR1	UNKNOWN	FAM	NFQ-MGB							Undetermined							VERO	0.200	VERO	1	45		61.371			N	Y	N	N	Y	N	N	Y
144	F24	FALSO	SA77 DUAL EVPLV	ETS1	UNKNOWN	FAM	NFQ-MGB							Undetermined							VERO	0.200	VERO	1	45		62.028			N	Y	N	N	Y	N	N	Y
145	G1	FALSO	SA77 DUAL EVPLV	F2	UNKNOWN	FAM	NFQ-MGB							Undetermined							VERO	0.200	VERO	1	45		61.108	74.122	84.113	Y	Y	N	N	Y	N	N	Y
146	G2	FALSO	SA77 DUAL EVPLV	F2R	UNKNOWN	FAM	NFQ-MGB							33.238	33.238						VERO	0.053	VERO	1	45		85.690	65.577		Y	N	N	N	N	N	N	N
147	G3	FALSO	SA77 DUAL EVPLV	FADD	UNKNOWN	FAM	NFQ-MGB							31.188	31.188						VERO	0.040	VERO	1	45		78.986			N	N	N	N	N	N	N	Y
148	G4	FALSO	SA77 DUAL EVPLV	FANCD2	UNKNOWN	FAM	NFQ-MGB							30.900	30.900						VERO	0.040	VERO	1	45		80.826			N	N	N	N	N	N	N	Y
149	G5	FALSO	SA77 DUAL EVPLV	FAS	UNKNOWN	FAM	NFQ-MGB							30.591	30.591						VERO	0.040	VERO	1	45		79.512			N	N	N	N	N	N	N	Y
150	G6	FALSO	SA77 DUAL EVPLV	FASLG	UNKNOWN	FAM	NFQ-MGB							Undetermined							VERO	0.200	VERO	1	45		61.239			N	Y	N	N	Y	N	N	Y
151	G7	FALSO	SA77 DUAL EVPLV	FBXW7	UNKNOWN	FAM	NFQ-MGB							31.941	31.941						VERO	0.050	VERO	1	45		75.700			N	N	N	N	N	N	N	N
152	G8	FALSO	SA77 DUAL EVPLV	FEN1	UNKNOWN	FAM	NFQ-MGB							31.716	31.716						VERO	0.048	VERO	1	45		86.348			N	N	N	N	N	N	N	N
153	G9	FALSO	SA77 DUAL EVPLV	FGF2	UNKNOWN	FAM	NFQ-MGB							36.107	36.107						VERO	0.062	VERO	1	45		75.831			N	N	N	N	N	N	N	N
154	G10	FALSO	SA77 DUAL EVPLV	FGFR1	UNKNOWN	FAM	NFQ-MGB							32.969	32.969						VERO	0.051	VERO	1	45		77.934			N	N	N	N	N	N	N	N
155	G11	FALSO	SA77 DUAL EVPLV	FGFR2	UNKNOWN	FAM	NFQ-MGB							Undetermined							VERO	0.200	VERO	1	45		61.502			N	Y	N	N	Y	N	N	Y
156	G12	FALSO	SA77 DUAL EVPLV	FGFR3	UNKNOWN	FAM	NFQ-MGB							43.492	43.492						VERO	0.040	VERO	1	45		70.704			N	N	N	N	N	N	N	Y
157	G13	FALSO	SA77 DUAL EVPLV	FGFR4	UNKNOWN	FAM	NFQ-MGB							32.283	32.283						VERO	0.040	VERO	1	45		79.117			N	N	N	N	N	N	N	Y
158	G14	FALSO	SA77 DUAL EVPLV	FLT1	UNKNOWN	FAM	NFQ-MGB							Undetermined							VERO	0.200	VERO	1	45		62.159			N	Y	N	N	Y	N	N	Y
159	G15	FALSO	SA77 DUAL EVPLV	FN1	UNKNOWN	FAM	NFQ-MGB							42.895	42.895						VERO	0.040	VERO	1	45		69.390			N	N	N	N	N	N	N	Y
160	G16	FALSO	SA77 DUAL EVPLV	FOS	UNKNOWN	FAM	NFQ-MGB							31.187	31.187						VERO	0.040	VERO	1	45		81.089			N	N	N	N	N	N	N	Y
161	G17	FALSO	SA77 DUAL EVPLV	FOSB	UNKNOWN	FAM	NFQ-MGB							Undetermined							VERO	0.200	VERO	1	45		77.146			N	Y	N	N	Y	N	N	Y
162	G18	FALSO	SA77 DUAL EVPLV	FOXM1	UNKNOWN	FAM	NFQ-MGB							29.159	29.159						VERO	0.057	VERO	1	45		81.747			N	N	N	N	N	N	N	N
163	G19	FALSO	SA77 DUAL EVPLV	FOXO1	UNKNOWN	FAM	NFQ-MGB							30.084	30.084						VERO	0.048	VERO	1	45		78.986			N	N	N	N	N	N	N	N
164	G20	FALSO	SA77 DUAL EVPLV	FOXP3	UNKNOWN	FAM	NFQ-MGB							Undetermined							VERO	0.200	VERO	1	45		61.634			N	Y	N	N	Y	N	N	Y
165	G21	FALSO	SA77 DUAL EVPLV	FSTL1	UNKNOWN	FAM	NFQ-MGB							35.882	35.882						VERO	0.066	VERO	1	45		77.803			N	N	N	N	N	N	N	N
166	G22	FALSO	SA77 DUAL EVPLV	FZD7	UNKNOWN	FAM	NFQ-MGB							33.705	33.705						VERO	0.040	VERO	1	45		79.249			N	N	N	N	N	N	N	Y
167	G23	FALSO	SA77 DUAL EVPLV	GADD45A	UNKNOWN	FAM	NFQ-MGB							26.608	26.608						VERO	0.040	VERO	1	45		77.803			N	N	N	N	N	N	N	Y
168	G24	FALSO	SA77 DUAL EVPLV	GADD45B	UNKNOWN	FAM	NFQ-MGB							31.495	31.495						VERO	0.058	VERO	1	45		82.930			N	N	N	N	N	N	N	N
169	H1	FALSO	SA77 DUAL EVPLV	GDF15	UNKNOWN	FAM	NFQ-MGB							Undetermined							VERO	0.200	VERO	1	45		61.371	93.972	80.695	Y	Y	N	N	Y	N	N	Y
170	H2	FALSO	SA77 DUAL EVPLV	GJA1	UNKNOWN	FAM	NFQ-MGB							31.288	31.288						VERO	0.040	VERO	1	45		75.305			N	N	N	N	N	N	N	Y
171	H3	FALSO	SA77 DUAL EVPLV	GREM1	UNKNOWN	FAM	NFQ-MGB							Undetermined							VERO	0.200	VERO	1	45		87.925	74.911		Y	N	N	N	N	N	N	Y
172	H4	FALSO	SA77 DUAL EVPLV	GSK3B	UNKNOWN	FAM	NFQ-MGB							26.602	26.602						VERO	0.040	VERO	1	45		77.803			N	N	N	N	N	N	N	Y
173	H5	FALSO	SA77 DUAL EVPLV	GSTP1	UNKNOWN	FAM	NFQ-MGB							29.312	29.312						VERO	0.040	VERO	1	45		80.958			N	N	N	N	N	N	Y	Y
174	H6	FALSO	SA77 DUAL EVPLV	H2AFX	UNKNOWN	FAM	NFQ-MGB							24.137	24.137						VERO	0.060	VERO	1	45		80.169			N	N	N	N	N	N	Y	N
175	H7	FALSO	SA77 DUAL EVPLV	HAT1	UNKNOWN	FAM	NFQ-MGB							28.145	28.145						VERO	0.059	VERO	1	45		75.700			N	N	N	N	N	N	N	N
176	H8	FALSO	SA77 DUAL EVPLV	HDAC1	UNKNOWN	FAM	NFQ-MGB							25.951	25.951						VERO	0.040	VERO	1	45		82.141			N	N	N	N	N	N	N	Y
177	H9	FALSO	SA77 DUAL EVPLV	HDAC2	UNKNOWN	FAM	NFQ-MGB							25.142	25.142						VERO	0.040	VERO	1	45		76.620			N	N	N	N	N	N	N	Y
178	H10	FALSO	SA77 DUAL EVPLV	HES1	UNKNOWN	FAM	NFQ-MGB							29.212	29.212						VERO	0.040	VERO	1	45		79.380			N	N	N	N	N	N	N	Y
179	H11	FALSO	SA77 DUAL EVPLV	HGF	UNKNOWN	FAM	NFQ-MGB							Undetermined							VERO	0.200	VERO	1	45		76.094			N	Y	N	N	Y	N	N	Y
180	H12	FALSO	SA77 DUAL EVPLV	HIF1A	UNKNOWN	FAM	NFQ-MGB							26.302	26.302						VERO	0.058	VERO	1	45		76.620			N	N	N	N	N	N	Y	N
181	H13	FALSO	SA77 DUAL EVPLV	HMGA1	UNKNOWN	FAM	NFQ-MGB							24.035	24.035						VERO	0.040	VERO	1	45		75.962			N	N	N	N	N	N	Y	Y
182	H14	FALSO	SA77 DUAL EVPLV	HMGA2	UNKNOWN	FAM	NFQ-MGB							31.594	31.594						VERO	0.040	VERO	1	45		78.066			N	N	N	N	N	N	N	Y
183	H15	FALSO	SA77 DUAL EVPLV	HMGB1	UNKNOWN	FAM	NFQ-MGB							22.201	22.201						VERO	0.043	VERO	1	45		79.117			N	N	N	N	N	Y	Y	N
184	H16	FALSO	SA77 DUAL EVPLV	HMOX1	UNKNOWN	FAM	NFQ-MGB							30.603	30.603						VERO	0.041	VERO	1	45		83.587			N	N	N	N	N	N	Y	N
185	H17	FALSO	SA77 DUAL EVPLV	HNF1A	UNKNOWN	FAM	NFQ-MGB							33.540	33.540						VERO	0.065	VERO	1	45		84.902			N	N	N	N	N	Y	N	N
186	H18	FALSO	SA77 DUAL EVPLV	HOXA9	UNKNOWN	FAM	NFQ-MGB							36.510	36.510						VERO	0.054	VERO	1	45		81.484			N	N	N	N	N	N	N	N
187	H19	FALSO	SA77 DUAL EVPLV	HRAS	UNKNOWN	FAM	NFQ-MGB							31.192	31.192						VERO	0.040	VERO	1	45		78.723			N	N	N	N	N	N	Y	Y
188	H20	FALSO	SA77 DUAL EVPLV	ID1	UNKNOWN	FAM	NFQ-MGB							24.473	24.473						VERO	0.070	VERO	1	45		87.662			N	N	N	N	N	N	N	N
189	H21	FALSO	SA77 DUAL EVPLV	ID2	UNKNOWN	FAM	NFQ-MGB							23.462	23.462						VERO	0.040	VERO	1	45		76.488			N	N	N	N	N	N	N	Y
190	H22	FALSO	SA77 DUAL EVPLV	IFI30	UNKNOWN	FAM	NFQ-MGB							28.386	28.386						VERO	0.053	VERO	1	45		80.038			N	N	N	N	N	N	N	N
191	H23	FALSO	SA77 DUAL EVPLV	IGF1	UNKNOWN	FAM	NFQ-MGB							Undetermined							VERO	0.200	VERO	1	45		61.897			N	Y	N	N	Y	N	N	Y
192	H24	FALSO	SA77 DUAL EVPLV	IGF1R	UNKNOWN	FAM	NFQ-MGB							33.846	33.846						VERO	0.040	VERO	1	45		79.643			N	N	N	N	N	N	N	Y
193	I1	FALSO	SA77 DUAL EVPLV	IGF2	UNKNOWN	FAM	NFQ-MGB							35.719	35.719						VERO	0.040	VERO	1	45		77.277			N	N	N	N	N	N	N	Y
194	I2	FALSO	SA77 DUAL EVPLV	IGFBP2	UNKNOWN	FAM	NFQ-MGB							28.427	28.427						VERO	0.040	VERO	1	45		80.038			N	N	N	N	N	N	N	Y
195	I3	FALSO	SA77 DUAL EVPLV	IGFBP3	UNKNOWN	FAM	NFQ-MGB							31.493	31.493						VERO	0.040	VERO	1	45		77.540			N	N	N	N	N	N	Y	Y
196	I4	FALSO	SA77 DUAL EVPLV	IGFBP7	UNKNOWN	FAM	NFQ-MGB							33.485	33.485						VERO	0.040	VERO	1	45		75.042			N	N	N	N	N	N	N	Y
197	I5	FALSO	SA77 DUAL EVPLV	IRF1	UNKNOWN	FAM	NFQ-MGB							31.110	31.110						VERO	0.048	VERO	1	45		81.747			N	N	N	N	N	N	Y	N
198	I6	FALSO	SA77 DUAL EVPLV	IRF8	UNKNOWN	FAM	NFQ-MGB							33.077	33.077						VERO	0.062	VERO	1	45		79.643			N	N	N	N	N	N	N	N
199	I7	FALSO	SA77 DUAL EVPLV	JAG1	UNKNOWN	FAM	NFQ-MGB							30.957	30.957						VERO	0.046	VERO	1	45		77.408			N	N	N	N	N	N	N	N
200	I8	FALSO	SA77 DUAL EVPLV	JAK1	UNKNOWN	FAM	NFQ-MGB							29.459	29.459						VERO	0.040	VERO	1	45		77.540			N	N	N	N	N	N	Y	Y
201	I9	FALSO	SA77 DUAL EVPLV	JAK2	UNKNOWN	FAM	NFQ-MGB							32.442	32.442						VERO	0.040	VERO	1	45		74.911			N	N	N	N	N	N	N	Y
202	I10	FALSO	SA77 DUAL EVPLV	JUN	UNKNOWN	FAM	NFQ-MGB							24.406	24.406						VERO	0.040	VERO	1	45		76.357			N	N	N	N	N	N	N	Y
203	I11	FALSO	SA77 DUAL EVPLV	KDR	UNKNOWN	FAM	NFQ-MGB							Undetermined							VERO	0.200	VERO	1	45		61.502			N	Y	N	N	Y	N	N	Y
204	I12	FALSO	SA77 DUAL EVPLV	KIT	UNKNOWN	FAM	NFQ-MGB							33.732	33.732						VERO	0.040	VERO	1	45		79.643			N	N	N	N	N	N	N	Y
205	I13	FALSO	SA77 DUAL EVPLV	KLF4	UNKNOWN	FAM	NFQ-MGB							26.180	26.180						VERO	0.056	VERO	1	45		78.986			N	N	N	N	N	N	N	N
206	I14	FALSO	SA77 DUAL EVPLV	KLF6	UNKNOWN	FAM	NFQ-MGB							29.083	29.083						VERO	0.072	VERO	1	45		82.404			N	N	N	N	N	N	Y	N
207	I15	FALSO	SA77 DUAL EVPLV	KRAS	UNKNOWN	FAM	NFQ-MGB							28.405	28.405						VERO	0.045	VERO	1	45		82.667	85.953		Y	N	N	N	N	N	N	N
208	I16	FALSO	SA77 DUAL EVPLV	KRT18	UNKNOWN	FAM	NFQ-MGB							23.185	23.185						VERO	0.040	VERO	1	45		79.117			N	N	N	N	N	N	N	Y
209	I17	FALSO	SA77 DUAL EVPLV	KRT20	UNKNOWN	FAM	NFQ-MGB							27.551	27.551						VERO	0.040	VERO	1	45		77.014			N	N	N	N	N	N	N	Y
210	I18	FALSO	SA77 DUAL EVPLV	KRT5	UNKNOWN	FAM	NFQ-MGB							Undetermined							VERO	0.200	VERO	1	45		61.108			N	Y	N	N	Y	N	N	Y
211	I19	FALSO	SA77 DUAL EVPLV	LCN2	UNKNOWN	FAM	NFQ-MGB							29.200	29.200						VERO	0.054	VERO	1	45		79.643			N	N	N	N	N	N	N	N
212	I20	FALSO	SA77 DUAL EVPLV	LDHA	UNKNOWN	FAM	NFQ-MGB							24.463	24.463						VERO	0.074	VERO	1	45		82.930			N	N	N	N	N	N	Y	N
213	I21	FALSO	SA77 DUAL EVPLV	LDHB	UNKNOWN	FAM	NFQ-MGB							21.709	21.709						VERO	0.040	VERO	1	45		78.592			N	N	N	N	N	N	N	Y
214	I22	FALSO	SA77 DUAL EVPLV	LEP	UNKNOWN	FAM	NFQ-MGB							Undetermined							VERO	0.200	VERO	1	45		62.685			N	Y	N	N	Y	N	N	Y
215	I23	FALSO	SA77 DUAL EVPLV	LEPR	UNKNOWN	FAM	NFQ-MGB							34.200	34.200						VERO	0.041	VERO	1	45		80.038			N	N	N	N	N	N	N	N
216	I24	FALSO	SA77 DUAL EVPLV	LGALS1	UNKNOWN	FAM	NFQ-MGB							28.857	28.857						VERO	0.049	VERO	1	45		77.934			N	N	N	N	N	N	N	N
217	J1	FALSO	SA77 DUAL EVPLV	LGAQLS3	UNKNOWN	FAM	NFQ-MGB							22.651	22.651						VERO	0.040	VERO	1	45		80.826			N	N	N	N	N	N	Y	Y
218	J2	FALSO	SA77 DUAL EVPLV	LMNA	UNKNOWN	FAM	NFQ-MGB							36.308	36.308						VERO	0.058	VERO	1	45		84.902			N	N	N	N	N	N	N	N
219	J3	FALSO	SA77 DUAL EVPLV	LMNB1	UNKNOWN	FAM	NFQ-MGB							25.641	25.641						VERO	0.040	VERO	1	45		76.225			N	N	N	N	N	N	Y	Y
220	J4	FALSO	SA77 DUAL EVPLV	MAP2K1	UNKNOWN	FAM	NFQ-MGB							31.072	31.072						VERO	0.040	VERO	1	45		81.484			N	N	N	N	N	N	N	Y
221	J5	FALSO	SA77 DUAL EVPLV	MAP2K2	UNKNOWN	FAM	NFQ-MGB							26.980	26.980						VERO	0.040	VERO	1	45		80.038			N	N	N	N	N	N	Y	Y
222	J6	FALSO	SA77 DUAL EVPLV	MAP2K4	UNKNOWN	FAM	NFQ-MGB							27.328	27.328						VERO	0.043	VERO	1	45		81.089			N	N	N	N	N	N	N	N
223	J7	FALSO	SA77 DUAL EVPLV	MAPK1	UNKNOWN	FAM	NFQ-MGB							27.197	27.197						VERO	0.040	VERO	1	45		76.883			N	N	N	N	N	N	N	Y
224	J8	FALSO	SA77 DUAL EVPLV	MAPK14	UNKNOWN	FAM	NFQ-MGB							31.327	31.327						VERO	0.040	VERO	1	45		75.831			N	N	N	N	N	N	N	Y
225	J9	FALSO	SA77 DUAL EVPLV	MAPK3	UNKNOWN	FAM	NFQ-MGB							30.457	30.457						VERO	0.051	VERO	1	45		80.169			N	N	N	N	N	N	N	N
226	J10	FALSO	SA77 DUAL EVPLV	MAPK8	UNKNOWN	FAM	NFQ-MGB							27.357	27.357						VERO	0.071	VERO	1	45		80.432			N	N	N	N	N	N	N	N
227	J11	FALSO	SA77 DUAL EVPLV	MCL1	UNKNOWN	FAM	NFQ-MGB							26.998	26.998						VERO	0.040	VERO	1	45		81.089			N	N	N	N	N	N	Y	Y
228	J12	FALSO	SA77 DUAL EVPLV	MDC1	UNKNOWN	FAM	NFQ-MGB							34.684	34.684						VERO	0.047	VERO	1	45		80.563			N	N	N	N	N	N	N	N
229	J13	FALSO	SA77 DUAL EVPLV	MDM2	UNKNOWN	FAM	NFQ-MGB							28.351	28.351						VERO	0.041	VERO	1	45		75.831			N	N	N	N	N	N	N	N
230	J14	FALSO	SA77 DUAL EVPLV	MET	UNKNOWN	FAM	NFQ-MGB							27.465	27.465						VERO	0.065	VERO	1	45		80.432			N	N	N	N	N	N	N	N
231	J15	FALSO	SA77 DUAL EVPLV	MIF	UNKNOWN	FAM	NFQ-MGB							23.597	23.597						VERO	0.040	VERO	1	45		87.794			N	N	N	N	N	N	N	Y
232	J16	FALSO	SA77 DUAL EVPLV	MKI67	UNKNOWN	FAM	NFQ-MGB							28.010	28.010						VERO	0.040	VERO	1	45		75.831			N	N	N	N	N	Y	Y	Y
233	J17	FALSO	SA77 DUAL EVPLV	MLH1	UNKNOWN	FAM	NFQ-MGB							27.185	27.185						VERO	0.040	VERO	1	45		80.958			N	N	N	N	N	Y	Y	Y
234	J18	FALSO	SA77 DUAL EVPLV	MMP1	UNKNOWN	FAM	NFQ-MGB							Undetermined							VERO	0.200	VERO	1	45		76.620			N	Y	N	N	N	N	N	Y
235	J19	FALSO	SA77 DUAL EVPLV	MMP2	UNKNOWN	FAM	NFQ-MGB							Undetermined							VERO	0.200	VERO	1	45		62.422			N	Y	N	N	Y	N	N	Y
236	J20	FALSO	SA77 DUAL EVPLV	MMP3	UNKNOWN	FAM	NFQ-MGB							Undetermined							VERO	0.200	VERO	1	45		61.371			N	Y	N	N	Y	N	N	Y
237	J21	FALSO	SA77 DUAL EVPLV	MMP7	UNKNOWN	FAM	NFQ-MGB							34.415	34.415						VERO	0.048	VERO	1	45		72.807			N	N	N	N	N	N	N	N
238	J22	FALSO	SA77 DUAL EVPLV	MMP9	UNKNOWN	FAM	NFQ-MGB							34.959	34.959						VERO	0.062	VERO	1	45		81.878			N	N	N	N	N	N	N	N
239	J23	FALSO	SA77 DUAL EVPLV	MRE11	UNKNOWN	FAM	NFQ-MGB							29.936	29.936						VERO	0.040	VERO	1	45		73.596			N	N	N	N	N	N	N	Y
240	J24	FALSO	SA77 DUAL EVPLV	MSH2	UNKNOWN	FAM	NFQ-MGB							28.306	28.306						VERO	0.043	VERO	1	45		75.831			N	N	N	N	N	N	N	N
241	K1	FALSO	SA77 DUAL EVPLV	MSH3	UNKNOWN	FAM	NFQ-MGB							30.207	30.207						VERO	0.040	VERO	1	45		77.146			N	N	N	N	N	N	N	Y
242	K2	FALSO	SA77 DUAL EVPLV	MSH6	UNKNOWN	FAM	NFQ-MGB							23.961	23.961						VERO	0.040	VERO	1	45		77.540			N	N	N	N	N	N	N	Y
243	K3	FALSO	SA77 DUAL EVPLV	MTOR	UNKNOWN	FAM	NFQ-MGB							30.488	30.488						VERO	0.040	VERO	1	45		81.089			N	N	N	N	N	N	N	Y
244	K4	FALSO	SA77 DUAL EVPLV	MUC1	UNKNOWN	FAM	NFQ-MGB							25.490	25.490						VERO	0.040	VERO	1	45		81.352			N	N	N	N	N	N	N	Y
245	K5	FALSO	SA77 DUAL EVPLV	MYC	UNKNOWN	FAM	NFQ-MGB							28.785	28.785						VERO	0.057	VERO	1	45		82.009			N	N	N	N	N	N	N	N
246	K6	FALSO	SA77 DUAL EVPLV	NAMPT	UNKNOWN	FAM	NFQ-MGB							25.075	25.075						VERO	0.040	VERO	1	45		75.700			N	N	N	N	N	N	Y	Y
247	K7	FALSO	SA77 DUAL EVPLV	NBN	UNKNOWN	FAM	NFQ-MGB							27.024	27.024						VERO	0.040	VERO	1	45		76.225			N	N	N	N	N	N	N	Y
248	K8	FALSO	SA77 DUAL EVPLV	NCAM1	UNKNOWN	FAM	NFQ-MGB							Undetermined							VERO	0.200	VERO	1	45		61.371	88.319	93.446	Y	Y	N	N	Y	N	N	Y
249	K9	FALSO	SA77 DUAL EVPLV	NES	UNKNOWN	FAM	NFQ-MGB							32.481	32.481						VERO	0.057	VERO	1	45		81.089			N	N	N	N	N	N	N	N
250	K10	FALSO	SA77 DUAL EVPLV	NFKB1	UNKNOWN	FAM	NFQ-MGB							30.365	30.365						VERO	0.040	VERO	1	45		77.934			N	N	N	N	N	N	N	Y
251	K11	FALSO	SA77 DUAL EVPLV	NFKB2	UNKNOWN	FAM	NFQ-MGB							29.068	29.068						VERO	0.041	VERO	1	45		79.512			N	N	N	N	N	N	N	N
252	K12	FALSO	SA77 DUAL EVPLV	NFKBIA	UNKNOWN	FAM	NFQ-MGB							29.441	29.441						VERO	0.066	VERO	1	45		81.089			N	N	N	N	N	N	N	N
253	K13	FALSO	SA77 DUAL EVPLV	NFKBIB	UNKNOWN	FAM	NFQ-MGB							30.223	30.223						VERO	0.042	VERO	1	45		82.009			N	N	N	N	N	N	Y	N
254	K14	FALSO	SA77 DUAL EVPLV	NFKBIE	UNKNOWN	FAM	NFQ-MGB							30.974	30.974						VERO	0.059	VERO	1	45		80.958			N	N	N	N	N	N	N	N
255	K15	FALSO	SA77 DUAL EVPLV	NGF	UNKNOWN	FAM	NFQ-MGB							Undetermined							VERO	0.200	VERO	1	45		76.357			N	Y	N	N	Y	Y	N	Y
256	K16	FALSO	SA77 DUAL EVPLV	NGFR	UNKNOWN	FAM	NFQ-MGB							Undetermined							VERO	0.200	VERO	1	45		61.502	75.831	90.686	Y	Y	N	N	N	N	N	Y
257	K17	FALSO	SA77 DUAL EVPLV	NOS2	UNKNOWN	FAM	NFQ-MGB							Undetermined							VERO	0.040	VERO	1	45		61.371	75.437	87.005	Y	N	N	N	Y	Y	N	Y
258	K18	FALSO	SA77 DUAL EVPLV	NOS3	UNKNOWN	FAM	NFQ-MGB							Undetermined							VERO	0.200	VERO	1	45		61.239			N	Y	N	N	Y	N	N	Y
259	K19	FALSO	SA77 DUAL EVPLV	NOTCH1	UNKNOWN	FAM	NFQ-MGB							33.486	33.486						VERO	0.081	VERO	1	45		86.216	64.394		Y	N	N	N	N	Y	Y	N
260	K20	FALSO	SA77 DUAL EVPLV	NOTCH2	UNKNOWN	FAM	NFQ-MGB							37.035	37.035						VERO	0.040	VERO	1	45		77.408			N	N	N	N	N	N	N	N
261	K21	FALSO	SA77 DUAL EVPLV	NOX4	UNKNOWN	FAM	NFQ-MGB							Undetermined							VERO	0.200	VERO	1	45		61.765			N	Y	N	N	Y	N	N	Y
262	K22	FALSO	SA77 DUAL EVPLV	NR3C1	UNKNOWN	FAM	NFQ-MGB							30.255	30.255						VERO	0.040	VERO	1	45		79.512			N	N	N	N	N	N	N	Y
263	K23	FALSO	SA77 DUAL EVPLV	NR3C2	UNKNOWN	FAM	NFQ-MGB							33.823	33.823						VERO	0.040	VERO	1	45		77.540	68.995		Y	N	N	N	N	N	Y	Y
264	K24	FALSO	SA77 DUAL EVPLV	NR4A1	UNKNOWN	FAM	NFQ-MGB							Undetermined							VERO	0.200	VERO	1	45		61.634			N	Y	N	N	Y	N	N	Y
265	L1	FALSO	SA77 DUAL EVPLV	NR4A2	UNKNOWN	FAM	NFQ-MGB							29.968	29.968						VERO	0.040	VERO	1	45		77.803			N	N	N	N	N	N	N	Y
266	L2	FALSO	SA77 DUAL EVPLV	NRAS	UNKNOWN	FAM	NFQ-MGB							28.330	28.330						VERO	0.041	VERO	1	45		75.305			N	N	N	N	N	N	N	N
267	L3	FALSO	SA77 DUAL EVPLV	PAK1	UNKNOWN	FAM	NFQ-MGB							27.153	27.153						VERO	0.040	VERO	1	45		79.643			N	N	N	N	N	N	Y	Y
268	L4	FALSO	SA77 DUAL EVPLV	PARP1	UNKNOWN	FAM	NFQ-MGB							26.294	26.294						VERO	0.054	VERO	1	45		78.329			N	N	N	N	N	N	Y	N
269	L5	FALSO	SA77 DUAL EVPLV	PAX8	UNKNOWN	FAM	NFQ-MGB							35.339	35.339						VERO	0.040	VERO	1	45		82.667	65.446		Y	N	N	N	N	N	Y	Y
270	L6	FALSO	SA77 DUAL EVPLV	PCNA	UNKNOWN	FAM	NFQ-MGB							23.086	23.086						VERO	0.040	VERO	1	45		74.385			N	N	N	N	N	N	N	Y
271	L7	FALSO	SA77 DUAL EVPLV	PDGFA	UNKNOWN	FAM	NFQ-MGB							27.721	27.721						VERO	0.040	VERO	1	45		80.432			N	N	N	N	N	N	Y	N
272	L8	FALSO	SA77 DUAL EVPLV	PDGFB	UNKNOWN	FAM	NFQ-MGB							Undetermined							VERO	0.200	VERO	1	45		76.357			N	Y	N	N	Y	N	N	Y
273	L9	FALSO	SA77 DUAL EVPLV	PDGFRA	UNKNOWN	FAM	NFQ-MGB							Undetermined							VERO	0.200	VERO	1	45		61.239			N	Y	N	N	Y	N	N	Y
274	L10	FALSO	SA77 DUAL EVPLV	PDGFRB	UNKNOWN	FAM	NFQ-MGB							Undetermined							VERO	0.200	VERO	1	45		61.502			N	Y	N	N	Y	N	N	Y
275	L11	FALSO	SA77 DUAL EVPLV	PDK1	UNKNOWN	FAM	NFQ-MGB							27.117	27.117						VERO	0.046	VERO	1	45		76.488			N	N	N	N	N	N	N	N
276	L12	FALSO	SA77 DUAL EVPLV	PDK2	UNKNOWN	FAM	NFQ-MGB							30.968	30.968						VERO	0.061	VERO	1	45		79.775			N	N	N	N	N	Y	Y	N
277	L13	FALSO	SA77 DUAL EVPLV	PDK3	UNKNOWN	FAM	NFQ-MGB							29.072	29.072						VERO	0.054	VERO	1	45		74.648			N	N	N	N	N	N	N	N
278	L14	FALSO	SA77 DUAL EVPLV	PDK4	UNKNOWN	FAM	NFQ-MGB							33.900	33.900						VERO	0.050	VERO	1	45		75.962	69.652		Y	N	N	N	N	N	N	N
279	L15	FALSO	SA77 DUAL EVPLV	PIK3CA	UNKNOWN	FAM	NFQ-MGB							28.858	28.858						VERO	0.045	VERO	1	45		75.962			N	N	N	N	N	N	Y	N
280	L16	FALSO	SA77 DUAL EVPLV	PIK3CB	UNKNOWN	FAM	NFQ-MGB							28.896	28.896						VERO	0.040	VERO	1	45		76.094			N	N	N	N	N	N	N	Y
281	L17	FALSO	SA77 DUAL EVPLV	PIK3R1	UNKNOWN	FAM	NFQ-MGB							28.885	28.885						VERO	0.040	VERO	1	45		77.540			N	N	N	N	N	N	N	Y
282	L18	FALSO	SA77 DUAL EVPLV	PIM1	UNKNOWN	FAM	NFQ-MGB							30.113	30.113						VERO	0.044	VERO	1	45		78.329			N	N	N	N	N	N	N	N
283	L19	FALSO	SA77 DUAL EVPLV	PKM	UNKNOWN	FAM	NFQ-MGB							29.611	29.611						VERO	0.040	VERO	1	45		79.117			N	N	N	N	N	Y	N	Y
284	L20	FALSO	SA77 DUAL EVPLV	PLK1	UNKNOWN	FAM	NFQ-MGB							29.646	29.646						VERO	0.050	VERO	1	45		80.301			N	N	N	N	N	N	N	N
285	L21	FALSO	SA77 DUAL EVPLV	PLK2	UNKNOWN	FAM	NFQ-MGB							29.832	29.832						VERO	0.042	VERO	1	45		79.249			N	N	N	N	N	N	Y	N
286	L22	FALSO	SA77 DUAL EVPLV	PLK3	UNKNOWN	FAM	NFQ-MGB							30.176	30.176						VERO	0.040	VERO	1	45		75.962			N	N	N	N	N	N	N	Y
287	L23	FALSO	SA77 DUAL EVPLV	PML	UNKNOWN	FAM	NFQ-MGB							43.263	43.263						VERO	0.040	VERO	1	45		82.009			N	N	N	N	N	N	N	Y
288	L24	FALSO	SA77 DUAL EVPLV	POLB	UNKNOWN	FAM	NFQ-MGB							26.243	26.243						VERO	0.050	VERO	1	45		77.540			N	N	N	N	N	N	N	N
289	M1	FALSO	SA77 DUAL EVPLV	POSTN	UNKNOWN	FAM	NFQ-MGB							Undetermined							VERO	0.200	VERO	1	45		61.239	88.056	91.606	Y	Y	N	N	Y	Y	N	Y
290	M2	FALSO	SA77 DUAL EVPLV	PPARA	UNKNOWN	FAM	NFQ-MGB							28.960	28.960						VERO	0.048	VERO	1	45		82.141			N	N	N	N	N	N	N	N
291	M3	FALSO	SA77 DUAL EVPLV	PPARG	UNKNOWN	FAM	NFQ-MGB							25.624	25.624						VERO	0.040	VERO	1	45		77.408			N	N	N	N	N	N	N	Y
292	M4	FALSO	SA77 DUAL EVPLV	PPARGC1	UNKNOWN	FAM	NFQ-MGB							Undetermined							VERO	0.040	VERO	1	45		62.817			N	N	N	N	Y	N	N	Y
293	M5	FALSO	SA77 DUAL EVPLV	PRC1	UNKNOWN	FAM	NFQ-MGB							29.099	29.099						VERO	0.040	VERO	1	45		81.352			N	N	N	N	N	N	N	Y
294	M6	FALSO	SA77 DUAL EVPLV	PRKAA2	UNKNOWN	FAM	NFQ-MGB							28.991	28.991						VERO	0.040	VERO	1	45		78.197			N	N	N	N	N	N	N	Y
295	M7	FALSO	SA77 DUAL EVPLV	PRKAB1	UNKNOWN	FAM	NFQ-MGB							30.981	30.981						VERO	0.057	VERO	1	45		76.225			N	N	N	N	N	N	N	N
296	M8	FALSO	SA77 DUAL EVPLV	PRKACB	UNKNOWN	FAM	NFQ-MGB							31.040	31.040						VERO	0.057	VERO	1	45		77.146			N	N	N	N	N	N	N	N
297	M9	FALSO	SA77 DUAL EVPLV	PRKAR1A	UNKNOWN	FAM	NFQ-MGB							27.766	27.766						VERO	0.047	VERO	1	45		74.122			N	N	N	N	N	N	N	N
298	M10	FALSO	SA77 DUAL EVPLV	PRKCA	UNKNOWN	FAM	NFQ-MGB							27.681	27.681						VERO	0.040	VERO	1	45		78.197			N	N	N	N	N	N	N	Y
299	M11	FALSO	SA77 DUAL EVPLV	PRKCB	UNKNOWN	FAM	NFQ-MGB							Undetermined							VERO	0.200	VERO	1	45		60.845			N	Y	N	N	Y	N	N	Y
300	M12	FALSO	SA77 DUAL EVPLV	PRKCD	UNKNOWN	FAM	NFQ-MGB							31.021	31.021						VERO	0.043	VERO	1	45		80.695			N	N	N	N	N	Y	Y	N
301	M13	FALSO	SA77 DUAL EVPLV	PRKCE	UNKNOWN	FAM	NFQ-MGB							34.980	34.980						VERO	0.040	VERO	1	45		81.615			N	N	N	N	N	Y	N	Y
302	M14	FALSO	SA77 DUAL EVPLV	PRKCQ	UNKNOWN	FAM	NFQ-MGB							34.339	34.339						VERO	0.049	VERO	1	45		76.883			N	N	N	N	N	N	N	N
303	M15	FALSO	SA77 DUAL EVPLV	PRKCZ	UNKNOWN	FAM	NFQ-MGB							30.511	30.511						VERO	0.042	VERO	1	45		81.089			N	N	N	N	N	N	N	N
304	M16	FALSO	SA77 DUAL EVPLV	PRKD1	UNKNOWN	FAM	NFQ-MGB							Undetermined							VERO	0.200	VERO	1	45		75.568	61.239	70.573	Y	Y	N	N	Y	N	N	Y
305	M17	FALSO	SA77 DUAL EVPLV	PRKDC	UNKNOWN	FAM	NFQ-MGB							26.857	26.857						VERO	0.040	VERO	1	45		77.671			N	N	N	N	N	Y	Y	Y
306	M18	FALSO	SA77 DUAL EVPLV	PROM1	UNKNOWN	FAM	NFQ-MGB							30.322	30.322						VERO	0.070	VERO	1	45		74.911			N	N	N	N	N	N	N	N
307	M19	FALSO	SA77 DUAL EVPLV	PTEN	UNKNOWN	FAM	NFQ-MGB							26.227	26.227						VERO	0.056	VERO	1	45		77.014			N	N	N	N	N	Y	Y	N
308	M20	FALSO	SA77 DUAL EVPLV	PTK2	UNKNOWN	FAM	NFQ-MGB							33.852	33.852						VERO	0.043	VERO	1	45		78.197			N	N	N	N	N	Y	N	N
309	M21	FALSO	SA77 DUAL EVPLV	RAC1	UNKNOWN	FAM	NFQ-MGB							26.367	26.367						VERO	0.056	VERO	1	45		78.197			N	N	N	N	N	N	N	N
310	M22	FALSO	SA77 DUAL EVPLV	RAD50	UNKNOWN	FAM	NFQ-MGB							27.316	27.316						VERO	0.040	VERO	1	45		76.488			N	N	N	N	N	N	N	Y
311	M23	FALSO	SA77 DUAL EVPLV	RAD51	UNKNOWN	FAM	NFQ-MGB							28.010	28.010						VERO	0.070	VERO	1	45		79.249			N	N	N	N	N	N	Y	N
312	M24	FALSO	SA77 DUAL EVPLV	RAF1	UNKNOWN	FAM	NFQ-MGB							31.594	31.594						VERO	0.043	VERO	1	45		79.380			N	N	N	N	N	N	Y	N
313	N1	FALSO	SA77 DUAL EVPLV	RB1	UNKNOWN	FAM	NFQ-MGB							27.896	27.896						VERO	0.040	VERO	1	45		75.305			N	N	N	N	N	N	N	Y
314	N2	FALSO	SA77 DUAL EVPLV	RELA	UNKNOWN	FAM	NFQ-MGB							31.676	31.676						VERO	0.040	VERO	1	45		76.883			N	N	N	N	N	N	N	Y
315	N3	FALSO	SA77 DUAL EVPLV	RHOA	UNKNOWN	FAM	NFQ-MGB							23.725	23.725						VERO	0.040	VERO	1	45		80.958			N	N	N	N	N	N	N	Y
316	N4	FALSO	SA77 DUAL EVPLV	RIPK1	UNKNOWN	FAM	NFQ-MGB							29.113	29.113						VERO	0.050	VERO	1	45		75.174			N	N	N	N	N	N	N	N
317	N5	FALSO	SA77 DUAL EVPLV	RIPK2	UNKNOWN	FAM	NFQ-MGB							26.044	26.044						VERO	0.040	VERO	1	45		76.883			N	N	N	N	N	N	Y	Y
318	N6	FALSO	SA77 DUAL EVPLV	ROC1	UNKNOWN	FAM	NFQ-MGB							27.227	27.227						VERO	0.040	VERO	1	45		77.803			N	N	N	N	N	N	N	Y
319	N7	FALSO	SA77 DUAL EVPLV	RUNX1	UNKNOWN	FAM	NFQ-MGB							Undetermined							VERO	0.200	VERO	1	45		61.371	85.690	82.009	Y	Y	N	N	Y	N	N	Y
320	N8	FALSO	SA77 DUAL EVPLV	RUNX2	UNKNOWN	FAM	NFQ-MGB							35.652	35.652						VERO	0.044	VERO	1	45		78.592			N	N	N	N	N	N	N	N
321	N9	FALSO	SA77 DUAL EVPLV	S100A4	UNKNOWN	FAM	NFQ-MGB							27.092	27.092						VERO	0.063	VERO	1	45		80.958			N	N	N	N	N	N	N	N
322	N10	FALSO	SA77 DUAL EVPLV	S100AB	UNKNOWN	FAM	NFQ-MGB							Undetermined							VERO	0.200	VERO	1	45		60.713			N	Y	N	N	Y	N	N	Y
323	N11	FALSO	SA77 DUAL EVPLV	S100A9	UNKNOWN	FAM	NFQ-MGB							34.248	34.248						VERO	0.040	VERO	1	45		77.540			N	N	N	N	N	N	N	Y
324	N12	FALSO	SA77 DUAL EVPLV	S100B	UNKNOWN	FAM	NFQ-MGB							Undetermined							VERO	0.200	VERO	1	45		92.920	76.225	61.634	Y	Y	N	N	Y	N	N	Y
325	N13	FALSO	SA77 DUAL EVPLV	SERPINE	UNKNOWN	FAM	NFQ-MGB							Undetermined							VERO	0.200	VERO	1	45		61.108			N	Y	N	N	Y	N	N	Y
326	N14	FALSO	SA77 DUAL EVPLV	SFRP1	UNKNOWN	FAM	NFQ-MGB							Undetermined							VERO	0.200	VERO	1	45		70.047			N	Y	N	N	Y	N	N	Y
327	N15	FALSO	SA77 DUAL EVPLV	SFRP2	UNKNOWN	FAM	NFQ-MGB							Undetermined							VERO	0.200	VERO	1	45		75.568			N	N	N	N	N	Y	N	Y
328	N16	FALSO	SA77 DUAL EVPLV	SHC1	UNKNOWN	FAM	NFQ-MGB							28.764	28.764						VERO	0.042	VERO	1	45		79.643			N	N	N	N	N	Y	N	N
329	N17	FALSO	SA77 DUAL EVPLV	SHH	UNKNOWN	FAM	NFQ-MGB							Undetermined							VERO	0.200	VERO	1	45		63.343			N	Y	N	N	Y	Y	N	Y
330	N18	FALSO	SA77 DUAL EVPLV	SIRT1	UNKNOWN	FAM	NFQ-MGB							28.789	28.789						VERO	0.051	VERO	1	45		78.197			N	N	N	N	N	N	Y	N
331	N19	FALSO	SA77 DUAL EVPLV	SIRT2	UNKNOWN	FAM	NFQ-MGB							31.822	31.822						VERO	0.040	VERO	1	45		78.723			N	N	N	N	N	N	N	Y
332	N20	FALSO	SA77 DUAL EVPLV	SIRT3	UNKNOWN	FAM	NFQ-MGB							32.352	32.352						VERO	0.040	VERO	1	45		80.038			N	N	N	N	N	Y	N	Y
333	N21	FALSO	SA77 DUAL EVPLV	SMAD4	UNKNOWN	FAM	NFQ-MGB							28.125	28.125						VERO	0.040	VERO	1	45		80.432			N	N	N	N	N	N	N	Y
334	N22	FALSO	SA77 DUAL EVPLV	SNAI1	UNKNOWN	FAM	NFQ-MGB							32.975	32.975						VERO	0.049	VERO	1	45		81.484			N	N	N	N	N	N	N	N
335	N23	FALSO	SA77 DUAL EVPLV	SNAI2	UNKNOWN	FAM	NFQ-MGB							Undetermined							VERO	0.200	VERO	1	45		61.239			N	Y	N	N	Y	N	N	Y
336	N24	FALSO	SA77 DUAL EVPLV	SOCS1	UNKNOWN	FAM	NFQ-MGB							Undetermined							VERO	0.040	VERO	1	45		80.301			N	N	N	N	N	N	N	Y
337	O1	FALSO	SA77 DUAL EVPLV	SOCS3	UNKNOWN	FAM	NFQ-MGB							34.796	34.796						VERO	0.040	VERO	1	45		89.371	65.840		Y	N	N	N	N	N	N	Y
338	O2	FALSO	SA77 DUAL EVPLV	SOX2	UNKNOWN	FAM	NFQ-MGB							Undetermined							VERO	0.200	VERO	1	45		62.028			N	Y	N	N	Y	N	N	Y
339	O3	FALSO	SA77 DUAL EVPLV	SOX4	UNKNOWN	FAM	NFQ-MGB							24.679	24.679						VERO	0.061	VERO	1	45		76.488			N	N	N	N	N	N	N	N
340	O4	FALSO	SA77 DUAL EVPLV	SOX9	UNKNOWN	FAM	NFQ-MGB							30.370	30.370						VERO	0.048	VERO	1	45		86.610			N	N	N	N	N	N	N	N
341	O5	FALSO	SA77 DUAL EVPLV	SP1	UNKNOWN	FAM	NFQ-MGB							28.177	28.177						VERO	0.040	VERO	1	45		80.958			N	N	N	N	N	N	N	Y
342	O6	FALSO	SA77 DUAL EVPLV	SPARC	UNKNOWN	FAM	NFQ-MGB							Undetermined							VERO	0.200	VERO	1	45		61.371			N	Y	N	N	Y	N	N	Y
343	O7	FALSO	SA77 DUAL EVPLV	SPP1	UNKNOWN	FAM	NFQ-MGB							30.744	30.744						VERO	0.052	VERO	1	45		80.695			N	N	N	N	N	N	N	N
344	O8	FALSO	SA77 DUAL EVPLV	SRC	UNKNOWN	FAM	NFQ-MGB							30.478	30.478						VERO	0.040	VERO	1	45		81.484			N	N	N	N	N	Y	N	Y
345	O9	FALSO	SA77 DUAL EVPLV	STAT3	UNKNOWN	FAM	NFQ-MGB							31.052	31.052						VERO	0.040	VERO	1	45		80.432			N	N	N	N	N	N	N	Y
346	O10	FALSO	SA77 DUAL EVPLV	TERT	UNKNOWN	FAM	NFQ-MGB							43.781	43.781						VERO	0.040	VERO	1	45		84.770	61.239		Y	N	N	N	N	N	N	Y
347	O11	FALSO	SA77 DUAL EVPLV	TGFA	UNKNOWN	FAM	NFQ-MGB							33.972	33.972						VERO	0.063	VERO	1	45		80.038			N	N	N	N	N	N	N	N
348	O12	FALSO	SA77 DUAL EVPLV	TGFB1	UNKNOWN	FAM	NFQ-MGB							36.283	36.283						VERO	0.047	VERO	1	45		79.512			N	N	N	N	N	N	N	N
349	O13	FALSO	SA77 DUAL EVPLV	TGFB2	UNKNOWN	FAM	NFQ-MGB							37.457	37.457						VERO	0.042	VERO	1	45		77.408			N	N	N	N	N	N	N	N
350	O14	FALSO	SA77 DUAL EVPLV	TGFBR1	UNKNOWN	FAM	NFQ-MGB							27.855	27.855						VERO	0.040	VERO	1	45		78.592			N	N	N	N	N	N	N	Y
351	O15	FALSO	SA77 DUAL EVPLV	TGFBR2	UNKNOWN	FAM	NFQ-MGB							30.834	30.834						VERO	0.054	VERO	1	45		79.249			N	N	N	N	N	N	N	N
352	O16	FALSO	SA77 DUAL EVPLV	THRA	UNKNOWN	FAM	NFQ-MGB							30.594	30.594						VERO	0.040	VERO	1	45		80.301			N	N	N	N	N	N	N	Y
353	O17	FALSO	SA77 DUAL EVPLV	THRB	UNKNOWN	FAM	NFQ-MGB							30.650	30.650						VERO	0.040	VERO	1	45		69.521	81.089		Y	N	N	N	N	N	N	Y
354	O18	FALSO	SA77 DUAL EVPLV	TIMP1	UNKNOWN	FAM	NFQ-MGB							32.353	32.353						VERO	0.061	VERO	1	45		80.695			N	N	N	N	N	N	N	N
355	O19	FALSO	SA77 DUAL EVPLV	TIMP2	UNKNOWN	FAM	NFQ-MGB							32.939	32.939						VERO	0.040	VERO	1	45		78.066			N	N	N	N	N	Y	N	Y
356	O20	FALSO	SA77 DUAL EVPLV	TIMP3	UNKNOWN	FAM	NFQ-MGB							31.927	31.927						VERO	0.040	VERO	1	45		76.225			N	N	N	N	N	N	N	Y
357	O21	FALSO	SA77 DUAL EVPLV	TNC	UNKNOWN	FAM	NFQ-MGB							Undetermined							VERO	0.200	VERO	1	45		61.897			N	Y	N	N	Y	N	N	Y
358	O22	FALSO	SA77 DUAL EVPLV	TNF	UNKNOWN	FAM	NFQ-MGB							Undetermined							VERO	0.040	VERO	1	45		62.554			N	N	N	N	Y	N	N	Y
359	O23	FALSO	SA77 DUAL EVPLV	TP53	UNKNOWN	FAM	NFQ-MGB							29.202	29.202						VERO	0.056	VERO	1	45		80.169			N	N	N	N	N	Y	N	N
360	O24	FALSO	SA77 DUAL EVPLV	TP53BP1	UNKNOWN	FAM	NFQ-MGB							29.514	29.514						VERO	0.048	VERO	1	45		80.432			N	N	N	N	N	N	N	N
361	P1	FALSO	SA77 DUAL EVPLV	TP63	UNKNOWN	FAM	NFQ-MGB							Undetermined							VERO	0.200	VERO	1	45		62.948			N	Y	N	N	Y	N	N	Y
362	P2	FALSO	SA77 DUAL EVPLV	TSHR	UNKNOWN	FAM	NFQ-MGB							Undetermined							VERO	0.200	VERO	1	45		72.150			N	Y	N	N	Y	N	N	Y
363	P3	FALSO	SA77 DUAL EVPLV	TWIST1	UNKNOWN	FAM	NFQ-MGB							37.392	37.392						VERO	0.061	VERO	1	45		74.779			N	N	N	N	N	N	N	N
364	P4	FALSO	SA77 DUAL EVPLV	VCAM1	UNKNOWN	FAM	NFQ-MGB							Undetermined							VERO	0.200	VERO	1	45		61.371			N	Y	N	N	N	Y	N	Y
365	P5	FALSO	SA77 DUAL EVPLV	VEGFA	UNKNOWN	FAM	NFQ-MGB							35.851	35.851						VERO	0.040	VERO	1	45		76.620			N	N	N	N	N	N	Y	Y
366	P6	FALSO	SA77 DUAL EVPLV	VEGFB	UNKNOWN	FAM	NFQ-MGB							28.461	28.461						VERO	0.040	VERO	1	45		80.169			N	N	N	N	N	N	N	Y
367	P7	FALSO	SA77 DUAL EVPLV	VEGFC	UNKNOWN	FAM	NFQ-MGB							Undetermined							VERO	0.200	VERO	1	45		74.779			N	Y	N	N	Y	N	N	Y
368	P8	FALSO	SA77 DUAL EVPLV	VIM	UNKNOWN	FAM	NFQ-MGB							33.751	33.751						VERO	0.052	VERO	1	45		79.775			N	N	N	N	N	N	N	N
369	P9	FALSO	SA77 DUAL EVPLV	WNT1	UNKNOWN	FAM	NFQ-MGB							Undetermined							VERO	0.200	VERO	1	45		74.385	61.502	92.000	Y	Y	N	N	N	N	N	Y
370	P10	FALSO	SA77 DUAL EVPLV	WNT2	UNKNOWN	FAM	NFQ-MGB							Undetermined							VERO	0.200	VERO	1	45		61.239			N	Y	N	N	Y	Y	N	Y
371	P11	FALSO	SA77 DUAL EVPLV	WNT5A	UNKNOWN	FAM	NFQ-MGB							Undetermined							VERO	0.200	VERO	1	45		61.371	91.343		Y	Y	N	N	Y	N	N	Y
372	P12	FALSO	SA77 DUAL EVPLV	WNT7A	UNKNOWN	FAM	NFQ-MGB							Undetermined							VERO	0.200	VERO	1	45		61.239			N	Y	N	N	Y	N	N	Y
373	P13	FALSO	SA77 DUAL EVPLV	WT1	UNKNOWN	FAM	NFQ-MGB							31.434	31.434						VERO	0.050	VERO	1	45		78.986			N	N	N	N	N	N	N	N
374	P14	FALSO	SA77 DUAL EVPLV	XIAP	UNKNOWN	FAM	NFQ-MGB							Undetermined							VERO	0.200	VERO	1	45		61.371			N	Y	N	N	Y	Y	N	Y
375	P15	FALSO	SA77 DUAL EVPLV	YAP1	UNKNOWN	FAM	NFQ-MGB							26.623	26.623						VERO	0.040	VERO	1	45		80.695			N	N	N	N	N	Y	N	Y
376	P16	FALSO	SA77 DUAL EVPLV	ZEB1	UNKNOWN	FAM	NFQ-MGB							35.807	35.807						VERO	0.049	VERO	1	45		76.751			N	N	N	N	N	Y	N	N
377	P17	FALSO	SA77 DUAL EVPLV	ZEB2	UNKNOWN	FAM	NFQ-MGB							Undetermined							VERO	0.200	VERO	1	45		61.239	77.408	82.667	Y	Y	N	N	Y	N	N	Y
378	P18	FALSO	SA77 DUAL EVPLV	GAPDH	UNKNOWN	FAM	NFQ-MGB							18.501	18.501						VERO	0.040	VERO	1	45		82.404			N	N	N	N	N	N	Y	Y
379	P19	FALSO	SA77 DUAL EVPLV	HPRT1	UNKNOWN	FAM	NFQ-MGB							23.203	23.203						VERO	0.040	VERO	1	45		76.751			N	N	N	N	N	Y	Y	Y
380	P20	FALSO	SA77 DUAL EVPLV	RPL13	UNKNOWN	FAM	NFQ-MGB							21.450	21.450						VERO	0.051	VERO	1	45		81.878			N	N	N	N	N	N	N	N
381	P21	FALSO	SA77 DUAL EVPLV	RPL7	UNKNOWN	FAM	NFQ-MGB							20.034	20.034						VERO	0.046	VERO	1	45		77.671			N	N	N	N	N	N	Y	N
382	P22	FALSO	SA77 DUAL EVPLV	HGDC	UNKNOWN	FAM	NFQ-MGB							39.245	39.245						VERO	0.040	VERO	1	45		76.094			N	N	N	N	N	N	N	Y
383	P23	FALSO	SA77 DUAL EVPLV	QIC	UNKNOWN	FAM	NFQ-MGB							Undetermined							VERO	0.200	VERO	1	45		75.437	61.108	82.667	Y	Y	N	N	Y	N	N	Y
384	P24	FALSO	SA77 DUAL EVPLV	PPC	UNKNOWN	FAM	NFQ-MGB							18.973	18.973						VERO	0.055	VERO	1	45		80.563			N	N	N	N	N	N	Y	N
1	A1	FALSO	SA77 DUAL OECD93	ABCB1	UNKNOWN	FAM	NFQ-MGB							25.715	25.715						VERO	0.040	VERO	1	45		78.863			N	N	N	N	N	Y		
2	A2	FALSO	SA77 DUAL OECD93	ABCC3	UNKNOWN	FAM	NFQ-MGB							28.604	28.604						VERO	0.071	VERO	1	45		79.652			N	N	N	N	N	N		
3	A3	FALSO	SA77 DUAL OECD93	ABCC5	UNKNOWN	FAM	NFQ-MGB							31.272	31.272						VERO	0.046	VERO	1	45		82.151			N	N	N	N	N	N		
4	A4	FALSO	SA77 DUAL OECD93	ABCG2	UNKNOWN	FAM	NFQ-MGB							34.817	34.817						VERO	0.064	VERO	1	45		75.049			N	N	N	N	N	N		
5	A5	FALSO	SA77 DUAL OECD93	ABL1	UNKNOWN	FAM	NFQ-MGB							31.989	31.989						VERO	0.052	VERO	1	45		78.337			N	N	N	N	N	N		
6	A6	FALSO	SA77 DUAL OECD93	ACE	UNKNOWN	FAM	NFQ-MGB							38.054	38.054						VERO	0.060	VERO	1	45		80.836			N	N	N	N	N	N		
7	A7	FALSO	SA77 DUAL OECD93	ACTA2	UNKNOWN	FAM	NFQ-MGB							30.169	30.169						VERO	0.040	VERO	1	45		81.625			N	N	N	N	N	Y		
8	A8	FALSO	SA77 DUAL OECD93	ACTB	UNKNOWN	FAM	NFQ-MGB							25.634	25.634						VERO	0.061	VERO	1	45		80.573			N	N	N	N	N	N		
9	A9	FALSO	SA77 DUAL OECD93	ACTG2	UNKNOWN	FAM	NFQ-MGB							Undetermined							VERO	0.040	VERO	1	45		69.394			N	N	N	N	N	Y		
10	A10	FALSO	SA77 DUAL OECD93	ADAM17	UNKNOWN	FAM	NFQ-MGB							30.145	30.145						VERO	0.073	VERO	1	45		76.101			N	N	N	N	N	N		
11	A11	FALSO	SA77 DUAL OECD93	ADIPOQ	UNKNOWN	FAM	NFQ-MGB							Undetermined							VERO	0.200	VERO	1	45		81.099	76.233	90.042	Y	Y	Y	N	N	Y		
12	A12	FALSO	SA77 DUAL OECD93	ADM	UNKNOWN	FAM	NFQ-MGB							Undetermined							VERO	0.040	VERO	1	45		86.096	64.134		Y	N	N	N	N	Y		
13	A13	FALSO	SA77 DUAL OECD93	ADORA1	UNKNOWN	FAM	NFQ-MGB							33.986	33.986						VERO	0.065	VERO	1	45		80.441			N	N	N	N	N	N		
14	A14	FALSO	SA77 DUAL OECD93	ADRB2	UNKNOWN	FAM	NFQ-MGB							35.442	35.442						VERO	0.040	VERO	1	45		79.915			N	N	N	Y	N	Y		
15	A15	FALSO	SA77 DUAL OECD93	AEBP1	UNKNOWN	FAM	NFQ-MGB							33.218	33.218						VERO	0.074	VERO	1	45		78.074			N	N	N	Y	N	N		
16	A16	FALSO	SA77 DUAL OECD93	AGER	UNKNOWN	FAM	NFQ-MGB							28.908	28.908						VERO	0.045	VERO	1	45		82.019			N	N	N	N	N	N		
17	A17	FALSO	SA77 DUAL OECD93	AGT	UNKNOWN	FAM	NFQ-MGB							Undetermined							VERO	0.200	VERO	1	45		61.372	75.444	93.198	Y	Y	Y	Y	N	Y		
18	A18	FALSO	SA77 DUAL OECD93	AGTR1	UNKNOWN	FAM	NFQ-MGB							38.690	38.690						VERO	0.041	VERO	1	45		69.921			N	N	N	Y	N	N		
19	A19	FALSO	SA77 DUAL OECD93	AHR	UNKNOWN	FAM	NFQ-MGB							25.585	25.585						VERO	0.081	VERO	1	45		78.469			N	N	N	N	N	N		
20	A20	FALSO	SA77 DUAL OECD93	AIFM1	UNKNOWN	FAM	NFQ-MGB							27.104	27.104						VERO	0.057	VERO	1	45		77.811			N	N	N	Y	N	N		
21	A21	FALSO	SA77 DUAL OECD93	AKR1B10	UNKNOWN	FAM	NFQ-MGB							34.830	34.830						VERO	0.075	VERO	1	45		79.258			N	N	N	N	N	N		
22	A22	FALSO	SA77 DUAL OECD93	AKR1C2	UNKNOWN	FAM	NFQ-MGB							31.546	31.546						VERO	0.057	VERO	1	45		81.099			N	N	N	N	N	N		
23	A23	FALSO	SA77 DUAL OECD93	AKT1	UNKNOWN	FAM	NFQ-MGB							30.573	30.573						VERO	0.041	VERO	1	45		80.573			N	N	N	N	Y	N		
24	A24	FALSO	SA77 DUAL OECD93	AKT2	UNKNOWN	FAM	NFQ-MGB							33.303	33.303						VERO	0.069	VERO	1	45		87.411			N	N	N	N	N	N		
25	B1	FALSO	SA77 DUAL OECD93	AKT3	UNKNOWN	FAM	NFQ-MGB							37.833	37.833						VERO	0.059	VERO	1	45		71.236			N	N	N	N	N	N		
26	B2	FALSO	SA77 DUAL OECD93	ALCAM	UNKNOWN	FAM	NFQ-MGB							29.053	29.053						VERO	0.057	VERO	1	45		77.417			N	N	N	Y	Y	N		
27	B3	FALSO	SA77 DUAL OECD93	ALDH1A1	UNKNOWN	FAM	NFQ-MGB							34.151	34.151						VERO	0.074	VERO	1	45		77.154			N	N	N	N	N	N		
28	B4	FALSO	SA77 DUAL OECD93	ALDH1A3	UNKNOWN	FAM	NFQ-MGB							34.157	34.157						VERO	0.040	VERO	1	45		77.811	71.367		Y	N	N	N	N	Y		
29	B5	FALSO	SA77 DUAL OECD93	ALPL	UNKNOWN	FAM	NFQ-MGB							Undetermined							VERO	0.040	VERO	1	45		79.521			N	N	N	N	N	Y		
30	B6	FALSO	SA77 DUAL OECD93	ANGPT2	UNKNOWN	FAM	NFQ-MGB							Undetermined							VERO	0.200	VERO	1	45		61.372			N	Y	Y	N	N	Y		
31	B7	FALSO	SA77 DUAL OECD93	ANGPTL4	UNKNOWN	FAM	NFQ-MGB							33.658	33.658						VERO	0.057	VERO	1	45		83.466			N	N	N	N	N	N		
32	B8	FALSO	SA77 DUAL OECD93	ANXA1	UNKNOWN	FAM	NFQ-MGB							28.054	28.054						VERO	0.040	VERO	1	45		75.444			N	N	N	N	Y	Y		
33	B9	FALSO	SA77 DUAL OECD93	ANXA2	UNKNOWN	FAM	NFQ-MGB							33.567	33.567						VERO	0.082	VERO	1	45		78.600			N	N	N	N	N	N		
34	B10	FALSO	SA77 DUAL OECD93	APC	UNKNOWN	FAM	NFQ-MGB							32.794	32.794						VERO	0.078	VERO	1	45		78.469			N	N	N	N	Y	N		
35	B11	FALSO	SA77 DUAL OECD93	APEX1	UNKNOWN	FAM	NFQ-MGB							26.365	26.365						VERO	0.094	VERO	1	45		77.417			N	N	N	N	N	N		
36	B12	FALSO	SA77 DUAL OECD93	APOA1	UNKNOWN	FAM	NFQ-MGB							Undetermined							VERO	0.200	VERO	1	45		61.372	92.540	74.918	Y	Y	Y	N	N	Y		
37	B13	FALSO	SA77 DUAL OECD93	APOA2	UNKNOWN	FAM	NFQ-MGB							Undetermined							VERO	0.200	VERO	1	45		61.241	75.707	90.699	Y	Y	Y	N	N	Y		
38	B14	FALSO	SA77 DUAL OECD93	APOA4	UNKNOWN	FAM	NFQ-MGB							Undetermined							VERO	0.200	VERO	1	45		61.372	75.838		Y	Y	Y	N	N	Y		
39	B15	FALSO	SA77 DUAL OECD93	APOA5	UNKNOWN	FAM	NFQ-MGB							Undetermined							VERO	0.200	VERO	1	45		61.504	75.575	92.409	Y	Y	Y	N	N	Y		
40	B16	FALSO	SA77 DUAL OECD93	APOD	UNKNOWN	FAM	NFQ-MGB							Undetermined							VERO	0.200	VERO	1	45		61.372	76.365	93.198	Y	Y	Y	N	N	Y		
41	B17	FALSO	SA77 DUAL OECD93	APOE	UNKNOWN	FAM	NFQ-MGB							37.288	37.288						VERO	0.084	VERO	1	45		81.888			N	N	N	Y	N	N		
42	B18	FALSO	SA77 DUAL OECD93	APP	UNKNOWN	FAM	NFQ-MGB							27.474	27.474						VERO	0.040	VERO	1	45		77.943			N	N	N	Y	Y	Y		
43	B19	FALSO	SA77 DUAL OECD93	AR	UNKNOWN	FAM	NFQ-MGB							34.434	34.434						VERO	0.068	VERO	1	45		82.414			N	N	N	Y	Y	N		
44	B20	FALSO	SA77 DUAL OECD93	ARNT	UNKNOWN	FAM	NFQ-MGB							33.386	33.386						VERO	0.076	VERO	1	45		79.389			N	N	N	Y	N	N		
45	B21	FALSO	SA77 DUAL OECD93	ATF2	UNKNOWN	FAM	NFQ-MGB							29.406	29.406						VERO	0.085	VERO	1	45		79.126			N	N	N	N	N	N		
46	B22	FALSO	SA77 DUAL OECD93	ATM	UNKNOWN	FAM	NFQ-MGB							29.640	29.640						VERO	0.059	VERO	1	45		78.074			N	N	N	N	N	N		
47	B23	FALSO	SA77 DUAL OECD93	ATR	UNKNOWN	FAM	NFQ-MGB							28.533	28.533						VERO	0.061	VERO	1	45		75.049			N	N	N	N	N	N		
48	B24	FALSO	SA77 DUAL OECD93	AURKA	UNKNOWN	FAM	NFQ-MGB							27.985	27.985						VERO	0.048	VERO	1	45		75.312			N	N	N	N	N	N		
49	C1	FALSO	SA77 DUAL OECD93	AURKB	UNKNOWN	FAM	NFQ-MGB							29.051	29.051						VERO	0.084	VERO	1	45		83.861			N	N	N	N	N	N		
50	C2	FALSO	SA77 DUAL OECD93	B2M	UNKNOWN	FAM	NFQ-MGB							28.447	28.447						VERO	0.083	VERO	1	45		78.206			N	N	N	N	N	N		
51	C3	FALSO	SA77 DUAL OECD93	BAD	UNKNOWN	FAM	NFQ-MGB							30.973	30.973						VERO	0.047	VERO	1	45		81.493			N	N	N	N	N	N		
52	C4	FALSO	SA77 DUAL OECD93	BARD1	UNKNOWN	FAM	NFQ-MGB							28.894	28.894						VERO	0.076	VERO	1	45		77.680			N	N	N	N	N	N		
53	C5	FALSO	SA77 DUAL OECD93	BAX	UNKNOWN	FAM	NFQ-MGB							29.613	29.613						VERO	0.069	VERO	1	45		80.441			N	N	N	N	N	N		
54	C6	FALSO	SA77 DUAL OECD93	BCL2	UNKNOWN	FAM	NFQ-MGB							32.685	32.685						VERO	0.062	VERO	1	45		81.625	71.762		Y	N	N	N	N	N		
55	C7	FALSO	SA77 DUAL OECD93	BCL2L1	UNKNOWN	FAM	NFQ-MGB							31.099	31.099						VERO	0.076	VERO	1	45		81.099			N	N	N	Y	N	N		
56	C8	FALSO	SA77 DUAL OECD93	BDNF	UNKNOWN	FAM	NFQ-MGB							33.383	33.383						VERO	0.076	VERO	1	45		77.680			N	N	N	Y	N	N		
57	C9	FALSO	SA77 DUAL OECD93	BID	UNKNOWN	FAM	NFQ-MGB							26.085	26.085						VERO	0.054	VERO	1	45		78.995			N	N	N	N	Y	N		
58	C10	FALSO	SA77 DUAL OECD93	BLM	UNKNOWN	FAM	NFQ-MGB							29.811	29.811						VERO	0.077	VERO	1	45		74.655			N	N	N	Y	Y	N		
59	C11	FALSO	SA77 DUAL OECD93	BMI1	UNKNOWN	FAM	NFQ-MGB							29.337	29.337						VERO	0.048	VERO	1	45		81.625			N	N	N	N	N	N		
60	C12	FALSO	SA77 DUAL OECD93	BMP2	UNKNOWN	FAM	NFQ-MGB							30.627	30.627						VERO	0.093	VERO	1	45		86.359			N	N	N	N	N	N		
61	C13	FALSO	SA77 DUAL OECD93	BMP4	UNKNOWN	FAM	NFQ-MGB							32.115	32.115						VERO	0.081	VERO	1	45		75.444			N	N	N	N	N	N		
62	C14	FALSO	SA77 DUAL OECD93	BRAF	UNKNOWN	FAM	NFQ-MGB							29.393	29.393						VERO	0.058	VERO	1	45		78.206			N	N	N	N	N	N		
63	C15	FALSO	SA77 DUAL OECD93	BRCA1	UNKNOWN	FAM	NFQ-MGB							28.980	28.980						VERO	0.066	VERO	1	45		79.126			N	N	N	N	N	N		
64	C16	FALSO	SA77 DUAL OECD93	BRCA2	UNKNOWN	FAM	NFQ-MGB							29.117	29.117						VERO	0.055	VERO	1	45		74.918			N	N	N	Y	Y	N		
65	C17	FALSO	SA77 DUAL OECD93	CA9	UNKNOWN	FAM	NFQ-MGB							40.266	40.266						VERO	0.049	VERO	1	45		71.893	80.047		Y	N	N	N	N	N		
66	C18	FALSO	SA77 DUAL OECD93	CALD1	UNKNOWN	FAM	NFQ-MGB							31.743	31.743						VERO	0.076	VERO	1	45		76.101			N	N	N	Y	N	N		
67	C19	FALSO	SA77 DUAL OECD93	CALM1	UNKNOWN	FAM	NFQ-MGB							23.284	23.284						VERO	0.100	VERO	1	45		79.784			N	N	N	N	N	N		
68	C20	FALSO	SA77 DUAL OECD93	CALM3	UNKNOWN	FAM	NFQ-MGB							25.679	25.679						VERO	0.046	VERO	1	45		83.729			N	N	N	Y	Y	N		
69	C21	FALSO	SA77 DUAL OECD93	CALU	UNKNOWN	FAM	NFQ-MGB							26.919	26.919						VERO	0.069	VERO	1	45		72.551			N	N	N	N	Y	N		
70	C22	FALSO	SA77 DUAL OECD93	CASP1	UNKNOWN	FAM	NFQ-MGB							33.051	33.051						VERO	0.047	VERO	1	45		82.545	79.784		Y	N	N	N	N	N		
71	C23	FALSO	SA77 DUAL OECD93	CASP3	UNKNOWN	FAM	NFQ-MGB							30.321	30.321						VERO	0.071	VERO	1	45		76.496			N	N	N	N	N	N		
72	C24	FALSO	SA77 DUAL OECD93	CASP8	UNKNOWN	FAM	NFQ-MGB							31.231	31.231						VERO	0.040	VERO	1	45		78.863			N	N	N	N	Y	Y		
73	D1	FALSO	SA77 DUAL OECD93	CAT	UNKNOWN	FAM	NFQ-MGB							30.185	30.185						VERO	0.054	VERO	1	45		77.417			N	N	N	N	N	N		
74	D2	FALSO	SA77 DUAL OECD93	CAV1	UNKNOWN	FAM	NFQ-MGB							32.814	32.814						VERO	0.066	VERO	1	45		80.310			N	N	N	N	N	N		
75	D3	FALSO	SA77 DUAL OECD93	CCNA1	UNKNOWN	FAM	NFQ-MGB							Undetermined							VERO	0.200	VERO	1	45		61.372	82.282	87.806	Y	Y	Y	N	N	Y		
76	D4	FALSO	SA77 DUAL OECD93	CCNA2	UNKNOWN	FAM	NFQ-MGB							26.311	26.311						VERO	0.084	VERO	1	45		76.101			N	N	N	N	N	N		
77	D5	FALSO	SA77 DUAL OECD93	CCNB1	UNKNOWN	FAM	NFQ-MGB							23.323	23.323						VERO	0.055	VERO	1	45		77.943			N	N	N	N	Y	N		
78	D6	FALSO	SA77 DUAL OECD93	CCNB2	UNKNOWN	FAM	NFQ-MGB							25.489	25.489						VERO	0.040	VERO	1	45		79.521			N	N	N	N	Y	Y		
79	D7	FALSO	SA77 DUAL OECD93	CCND1	UNKNOWN	FAM	NFQ-MGB							27.349	27.349						VERO	0.072	VERO	1	45		84.913			N	N	N	N	N	N		
80	D8	FALSO	SA77 DUAL OECD93	CCND2	UNKNOWN	FAM	NFQ-MGB							25.925	25.925						VERO	0.054	VERO	1	45		80.573			N	N	N	N	N	N		
81	D9	FALSO	SA77 DUAL OECD93	CCND3	UNKNOWN	FAM	NFQ-MGB							34.320	34.320						VERO	0.058	VERO	1	45		81.362			N	N	N	N	N	N		
82	D10	FALSO	SA77 DUAL OECD93	CCNE1	UNKNOWN	FAM	NFQ-MGB							29.451	29.451						VERO	0.075	VERO	1	45		76.628			N	N	N	N	Y	N		
83	D11	FALSO	SA77 DUAL OECD93	CD4	UNKNOWN	FAM	NFQ-MGB							Undetermined							VERO	0.200	VERO	1	45		73.734			N	Y	N	N	N	Y		
84	D12	FALSO	SA77 DUAL OECD93	CD44	UNKNOWN	FAM	NFQ-MGB							26.166	26.166						VERO	0.080	VERO	1	45		76.365			N	N	N	N	N	N		
85	D13	FALSO	SA77 DUAL OECD93	CD68	UNKNOWN	FAM	NFQ-MGB							35.936	35.936						VERO	0.073	VERO	1	45		80.836			N	N	N	N	N	N		
86	D14	FALSO	SA77 DUAL OECD93	CDC20	UNKNOWN	FAM	NFQ-MGB							29.639	29.639						VERO	0.059	VERO	1	45		78.337			N	N	N	N	N	N		
87	D15	FALSO	SA77 DUAL OECD93	CDC25A	UNKNOWN	FAM	NFQ-MGB							33.194	33.194						VERO	0.115	VERO	1	45		75.970			N	N	N	N	N	N		
88	D16	FALSO	SA77 DUAL OECD93	CDC25B	UNKNOWN	FAM	NFQ-MGB							28.950	28.950						VERO	0.040	VERO	1	45		80.441			N	N	N	Y	Y	Y		
89	D17	FALSO	SA77 DUAL OECD93	CDC25C	UNKNOWN	FAM	NFQ-MGB							30.876	30.876						VERO	0.062	VERO	1	45		77.154			N	N	N	N	N	N		
90	D18	FALSO	SA77 DUAL OECD93	CDH1	UNKNOWN	FAM	NFQ-MGB							31.620	31.620						VERO	0.057	VERO	1	45		77.943			N	N	N	Y	N	N		
91	D19	FALSO	SA77 DUAL OECD93	CDH2	UNKNOWN	FAM	NFQ-MGB							Undetermined							VERO	0.200	VERO	1	45		62.687			N	Y	Y	N	N	Y		
92	D20	FALSO	SA77 DUAL OECD93	CDK1	UNKNOWN	FAM	NFQ-MGB							28.138	28.138						VERO	0.040	VERO	1	45		75.838			N	N	N	Y	Y	Y		
93	D21	FALSO	SA77 DUAL OECD93	CDK2	UNKNOWN	FAM	NFQ-MGB							30.162	30.162						VERO	0.066	VERO	1	45		77.943			N	N	N	N	N	N		
94	D22	FALSO	SA77 DUAL OECD93	CDK4	UNKNOWN	FAM	NFQ-MGB							24.860	24.860						VERO	0.040	VERO	1	45		79.389			N	N	N	N	N	Y		
95	D23	FALSO	SA77 DUAL OECD93	CDKN1A	UNKNOWN	FAM	NFQ-MGB							34.962	34.962						VERO	0.043	VERO	1	45		84.124			N	N	N	N	N	N		
96	D24	FALSO	SA77 DUAL OECD93	CDKN1B	UNKNOWN	FAM	NFQ-MGB							25.694	25.694						VERO	0.049	VERO	1	45		74.918			N	N	N	N	N	N		
97	E1	FALSO	SA77 DUAL OECD93	CDKN2A	UNKNOWN	FAM	NFQ-MGB							31.293	31.293						VERO	0.042	VERO	1	45		79.915			N	N	N	N	N	N		
98	E2	FALSO	SA77 DUAL OECD93	CDKN2B	UNKNOWN	FAM	NFQ-MGB							Undetermined							VERO	0.200	VERO	1	45		80.573	61.504	74.129	Y	Y	Y	N	N	Y		
99	E3	FALSO	SA77 DUAL OECD93	CDX2	UNKNOWN	FAM	NFQ-MGB							33.005	33.005						VERO	0.057	VERO	1	45		82.151			N	N	N	N	N	N		
100	E4	FALSO	SA77 DUAL OECD93	CEBPA	UNKNOWN	FAM	NFQ-MGB							30.733	30.733						VERO	0.081	VERO	1	45		83.203			N	N	N	N	N	N		
101	E5	FALSO	SA77 DUAL OECD93	CHEK1	UNKNOWN	FAM	NFQ-MGB							26.824	26.824						VERO	0.040	VERO	1	45		77.154			N	N	N	N	N	Y		
102	E6	FALSO	SA77 DUAL OECD93	CHEK2	UNKNOWN	FAM	NFQ-MGB							28.674	28.674						VERO	0.072	VERO	1	45		76.891			N	N	N	N	N	N		
103	E7	FALSO	SA77 DUAL OECD93	CLDN1	UNKNOWN	FAM	NFQ-MGB							30.484	30.484						VERO	0.060	VERO	1	45		80.441			N	N	N	N	N	N		
104	E8	FALSO	SA77 DUAL OECD93	CLSTN	UNKNOWN	FAM	NFQ-MGB							29.166	29.166						VERO	0.040	VERO	1	45		74.523			N	N	N	N	N	Y		
105	E9	FALSO	SA77 DUAL OECD93	CLU	UNKNOWN	FAM	NFQ-MGB							28.790	28.790						VERO	0.069	VERO	1	45		76.496			N	N	N	N	N	N		
106	E10	FALSO	SA77 DUAL OECD93	COL1A1	UNKNOWN	FAM	NFQ-MGB							31.092	31.092						VERO	0.061	VERO	1	45		85.307			N	N	N	N	N	N		
107	E11	FALSO	SA77 DUAL OECD93	COL1A2	UNKNOWN	FAM	NFQ-MGB							Undetermined							VERO	0.200	VERO	1	45		61.635	74.918	91.357	Y	Y	Y	N	N	Y		
108	E12	FALSO	SA77 DUAL OECD93	COL3A1	UNKNOWN	FAM	NFQ-MGB							Undetermined							VERO	0.200	VERO	1	45		61.241			N	Y	Y	N	N	Y		
109	E13	FALSO	SA77 DUAL OECD93	COL4A1	UNKNOWN	FAM	NFQ-MGB							Undetermined							VERO	0.200	VERO	1	45		61.372	88.332	90.962	Y	Y	Y	N	N	Y		
110	E14	FALSO	SA77 DUAL OECD93	COL4A2	UNKNOWN	FAM	NFQ-MGB							Undetermined							VERO	0.200	VERO	1	45		61.635			N	Y	Y	N	N	Y		
111	E15	FALSO	SA77 DUAL OECD93	COL5A2	UNKNOWN	FAM	NFQ-MGB							33.942	33.942						VERO	0.040	VERO	1	45		78.995			N	N	N	N	N	Y		
112	E16	FALSO	SA77 DUAL OECD93	CREB1	UNKNOWN	FAM	NFQ-MGB							28.852	28.852						VERO	0.082	VERO	1	45		76.365			N	N	N	N	N	N		
113	E17	FALSO	SA77 DUAL OECD93	CREBBP	UNKNOWN	FAM	NFQ-MGB							Undetermined							VERO	0.200	VERO	1	45		75.970	61.372	89.384	Y	Y	Y	N	N	Y		
114	E18	FALSO	SA77 DUAL OECD93	CRP	UNKNOWN	FAM	NFQ-MGB							Undetermined							VERO	0.200	VERO	1	45		61.241			N	Y	Y	N	N	Y		
115	E19	FALSO	SA77 DUAL OECD93	CSF1	UNKNOWN	FAM	NFQ-MGB							Undetermined							VERO	0.200	VERO	1	45		76.759			N	Y	Y	N	N	Y		
116	E20	FALSO	SA77 DUAL OECD93	CSF1R	UNKNOWN	FAM	NFQ-MGB							Undetermined							VERO	0.200	VERO	1	45		61.504			N	Y	Y	N	N	Y		
117	E21	FALSO	SA77 DUAL OECD93	CSNK2A1	UNKNOWN	FAM	NFQ-MGB							30.382	30.382						VERO	0.040	VERO	1	45		84.124			N	N	N	N	N	Y		
118	E22	FALSO	SA77 DUAL OECD93	CSNK2B	UNKNOWN	FAM	NFQ-MGB							26.269	26.269						VERO	0.072	VERO	1	45		77.680			N	N	N	N	N	N		
119	E23	FALSO	SA77 DUAL OECD93	CCN2	UNKNOWN	FAM	NFQ-MGB							32.320	32.320						VERO	0.052	VERO	1	45		79.784			N	N	N	N	N	N		
120	E24	FALSO	SA77 DUAL OECD93	CTNNB1	UNKNOWN	FAM	NFQ-MGB							26.804	26.804						VERO	0.065	VERO	1	45		77.943			N	N	N	Y	N	N		
121	F1	FALSO	SA77 DUAL OECD93	CTSB	UNKNOWN	FAM	NFQ-MGB							27.825	27.825						VERO	0.062	VERO	1	45		80.704			N	N	N	N	N	N		
122	F2	FALSO	SA77 DUAL OECD93	CCN1	UNKNOWN	FAM	NFQ-MGB							32.931	32.931						VERO	0.075	VERO	1	45		78.600			N	N	N	N	N	N		
123	F3	FALSO	SA77 DUAL OECD93	DDB1	UNKNOWN	FAM	NFQ-MGB							29.736	29.736						VERO	0.075	VERO	1	45		82.545			N	N	N	N	N	N		
124	F4	FALSO	SA77 DUAL OECD93	DDB2	UNKNOWN	FAM	NFQ-MGB							30.184	30.184						VERO	0.072	VERO	1	45		81.362			N	N	N	N	N	N		
125	F5	FALSO	SA77 DUAL OECD93	DLC1	UNKNOWN	FAM	NFQ-MGB							34.733	34.733						VERO	0.044	VERO	1	45		81.493			N	N	N	N	N	N		
126	F6	FALSO	SA77 DUAL OECD93	DNMT1	UNKNOWN	FAM	NFQ-MGB							29.759	29.759						VERO	0.051	VERO	1	45		78.995			N	N	N	N	N	N		
127	F7	FALSO	SA77 DUAL OECD93	DPP4	UNKNOWN	FAM	NFQ-MGB							29.537	29.537						VERO	0.040	VERO	1	45		73.997			N	N	N	N	N	Y		
128	F8	FALSO	SA77 DUAL OECD93	DUSP1	UNKNOWN	FAM	NFQ-MGB							32.371	32.371						VERO	0.096	VERO	1	45		81.625			N	N	N	N	N	N		
129	F9	FALSO	SA77 DUAL OECD93	DUSP4	UNKNOWN	FAM	NFQ-MGB							33.780	33.780						VERO	0.091	VERO	1	45		79.784			N	N	N	N	N	N		
130	F10	FALSO	SA77 DUAL OECD93	E2F1	UNKNOWN	FAM	NFQ-MGB							32.815	32.815						VERO	0.053	VERO	1	45		78.863			N	N	N	N	Y	N		
131	F11	FALSO	SA77 DUAL OECD93	EDN1	UNKNOWN	FAM	NFQ-MGB							32.337	32.337						VERO	0.071	VERO	1	45		80.310			N	N	N	N	N	N		
132	F12	FALSO	SA77 DUAL OECD93	EGF	UNKNOWN	FAM	NFQ-MGB							Undetermined							VERO	0.200	VERO	1	45		61.109			N	Y	Y	N	N	Y		
133	F13	FALSO	SA77 DUAL OECD93	EGFR	UNKNOWN	FAM	NFQ-MGB							31.520	31.520						VERO	0.059	VERO	1	45		80.047			N	N	N	N	N	N		
134	F14	FALSO	SA77 DUAL OECD93	EGR1	UNKNOWN	FAM	NFQ-MGB							27.719	27.719						VERO	0.084	VERO	1	45		77.680			N	N	N	N	Y	N		
135	F15	FALSO	SA77 DUAL OECD93	ENG	UNKNOWN	FAM	NFQ-MGB							Undetermined							VERO	0.200	VERO	1	45		60.846			N	Y	Y	N	N	Y		
136	F16	FALSO	SA77 DUAL OECD93	ENO1	UNKNOWN	FAM	NFQ-MGB							28.139	28.139						VERO	0.060	VERO	1	45		81.756			N	N	N	N	Y	N		
137	F17	FALSO	SA77 DUAL OECD93	EP300	UNKNOWN	FAM	NFQ-MGB							29.849	29.849						VERO	0.108	VERO	1	45		78.337			N	N	N	N	N	N		
138	F18	FALSO	SA77 DUAL OECD93	EPCAM	UNKNOWN	FAM	NFQ-MGB							22.403	22.403						VERO	0.114	VERO	1	45		77.417			N	N	N	Y	Y	N		
139	F19	FALSO	SA77 DUAL OECD93	EPO	UNKNOWN	FAM	NFQ-MGB							Undetermined							VERO	0.200	VERO	1	45		62.293			N	Y	Y	N	N	Y		
140	F20	FALSO	SA77 DUAL OECD93	ERBB2	UNKNOWN	FAM	NFQ-MGB							39.779	39.779						VERO	0.094	VERO	1	45		80.967			N	N	N	Y	N	N		
141	F21	FALSO	SA77 DUAL OECD93	ERBB3	UNKNOWN	FAM	NFQ-MGB							29.489	29.489						VERO	0.040	VERO	1	45		77.285			N	N	N	N	Y	Y		
142	F22	FALSO	SA77 DUAL OECD93	ERCC1	UNKNOWN	FAM	NFQ-MGB							27.828	27.828						VERO	0.070	VERO	1	45		81.888			N	N	N	N	Y	N		
143	F23	FALSO	SA77 DUAL OECD93	ESR1	UNKNOWN	FAM	NFQ-MGB							Undetermined							VERO	0.200	VERO	1	45		61.372	77.680	88.726	Y	Y	Y	N	N	Y		
144	F24	FALSO	SA77 DUAL OECD93	ETS1	UNKNOWN	FAM	NFQ-MGB							Undetermined							VERO	0.200	VERO	1	45		61.241	90.436	77.943	Y	Y	Y	N	N	Y		
145	G1	FALSO	SA77 DUAL OECD93	F2	UNKNOWN	FAM	NFQ-MGB							Undetermined							VERO	0.200	VERO	1	45		61.372	75.575	89.121	Y	Y	Y	N	N	Y		
146	G2	FALSO	SA77 DUAL OECD93	F2R	UNKNOWN	FAM	NFQ-MGB							33.177	33.177						VERO	0.078	VERO	1	45		85.833			N	N	N	N	N	N		
147	G3	FALSO	SA77 DUAL OECD93	FADD	UNKNOWN	FAM	NFQ-MGB							30.449	30.449						VERO	0.040	VERO	1	45		79.258			N	N	N	N	N	Y		
148	G4	FALSO	SA77 DUAL OECD93	FANCD2	UNKNOWN	FAM	NFQ-MGB							30.359	30.359						VERO	0.040	VERO	1	45		80.967			N	N	N	N	N	Y		
149	G5	FALSO	SA77 DUAL OECD93	FAS	UNKNOWN	FAM	NFQ-MGB							30.201	30.201						VERO	0.046	VERO	1	45		79.652			N	N	N	N	Y	N		
150	G6	FALSO	SA77 DUAL OECD93	FASLG	UNKNOWN	FAM	NFQ-MGB							Undetermined							VERO	0.200	VERO	1	45		80.178	86.096	60.978	Y	Y	Y	N	N	Y		
151	G7	FALSO	SA77 DUAL OECD93	FBXW7	UNKNOWN	FAM	NFQ-MGB							31.751	31.751						VERO	0.073	VERO	1	45		75.970			N	N	N	N	N	N		
152	G8	FALSO	SA77 DUAL OECD93	FEN1	UNKNOWN	FAM	NFQ-MGB							33.273	33.273						VERO	0.064	VERO	1	45		86.491			N	N	N	N	N	N		
153	G9	FALSO	SA77 DUAL OECD93	FGF2	UNKNOWN	FAM	NFQ-MGB							34.338	34.338						VERO	0.090	VERO	1	45		76.101			N	N	N	N	N	N		
154	G10	FALSO	SA77 DUAL OECD93	FGFR1	UNKNOWN	FAM	NFQ-MGB							Undetermined							VERO	0.200	VERO	1	45		61.898			N	Y	Y	N	N	Y		
155	G11	FALSO	SA77 DUAL OECD93	FGFR2	UNKNOWN	FAM	NFQ-MGB							Undetermined							VERO	0.200	VERO	1	45		61.504			N	Y	Y	N	N	Y		
156	G12	FALSO	SA77 DUAL OECD93	FGFR3	UNKNOWN	FAM	NFQ-MGB							38.915	38.915						VERO	0.040	VERO	1	45		71.104			N	N	N	N	N	Y		
157	G13	FALSO	SA77 DUAL OECD93	FGFR4	UNKNOWN	FAM	NFQ-MGB							31.208	31.208						VERO	0.040	VERO	1	45		79.389			N	N	N	N	N	Y		
158	G14	FALSO	SA77 DUAL OECD93	FLT1	UNKNOWN	FAM	NFQ-MGB							Undetermined							VERO	0.200	VERO	1	45		61.241			N	Y	Y	N	N	Y		
159	G15	FALSO	SA77 DUAL OECD93	FN1	UNKNOWN	FAM	NFQ-MGB							34.737	34.737						VERO	0.060	VERO	1	45		79.126			N	N	N	N	N	N		
160	G16	FALSO	SA77 DUAL OECD93	FOS	UNKNOWN	FAM	NFQ-MGB							31.355	31.355						VERO	0.046	VERO	1	45		81.230			N	N	N	N	N	N		
161	G17	FALSO	SA77 DUAL OECD93	FOSB	UNKNOWN	FAM	NFQ-MGB							Undetermined							VERO	0.200	VERO	1	45		78.206			N	Y	Y	N	N	Y		
162	G18	FALSO	SA77 DUAL OECD93	FOXM1	UNKNOWN	FAM	NFQ-MGB							29.720	29.720						VERO	0.081	VERO	1	45		82.019			N	N	N	N	N	N		
163	G19	FALSO	SA77 DUAL OECD93	FOXO1	UNKNOWN	FAM	NFQ-MGB							30.403	30.403						VERO	0.071	VERO	1	45		79.258			N	N	N	N	N	N		
164	G20	FALSO	SA77 DUAL OECD93	FOXP3	UNKNOWN	FAM	NFQ-MGB							Undetermined							VERO	0.200	VERO	1	45		61.241	75.707	93.461	Y	Y	Y	N	N	Y		
165	G21	FALSO	SA77 DUAL OECD93	FSTL1	UNKNOWN	FAM	NFQ-MGB							35.031	35.031						VERO	0.103	VERO	1	45		78.074			N	N	N	N	N	N		
166	G22	FALSO	SA77 DUAL OECD93	FZD7	UNKNOWN	FAM	NFQ-MGB							33.475	33.475						VERO	0.064	VERO	1	45		79.521			N	N	N	N	N	N		
167	G23	FALSO	SA77 DUAL OECD93	GADD45A	UNKNOWN	FAM	NFQ-MGB							25.960	25.960						VERO	0.040	VERO	1	45		78.074			N	N	N	N	N	Y		
168	G24	FALSO	SA77 DUAL OECD93	GADD45B	UNKNOWN	FAM	NFQ-MGB							32.942	32.942						VERO	0.085	VERO	1	45		83.072			N	N	N	N	Y	N		
169	H1	FALSO	SA77 DUAL OECD93	GDF15	UNKNOWN	FAM	NFQ-MGB							Undetermined							VERO	0.200	VERO	1	45		61.372			N	Y	N	N	N	Y		
170	H2	FALSO	SA77 DUAL OECD93	GJA1	UNKNOWN	FAM	NFQ-MGB							30.186	30.186						VERO	0.040	VERO	1	45		75.707			N	N	N	N	N	Y		
171	H3	FALSO	SA77 DUAL OECD93	GREM1	UNKNOWN	FAM	NFQ-MGB							36.817	36.817						VERO	0.056	VERO	1	45		83.072			N	N	N	N	N	N		
172	H4	FALSO	SA77 DUAL OECD93	GSK3B	UNKNOWN	FAM	NFQ-MGB							26.937	26.937						VERO	0.051	VERO	1	45		77.943			N	N	N	N	N	N		
173	H5	FALSO	SA77 DUAL OECD93	GSTP1	UNKNOWN	FAM	NFQ-MGB							30.420	30.420						VERO	0.045	VERO	1	45		81.230			N	N	N	N	Y	N		
174	H6	FALSO	SA77 DUAL OECD93	H2AFX	UNKNOWN	FAM	NFQ-MGB							24.649	24.649						VERO	0.081	VERO	1	45		80.441			N	N	N	N	Y	N		
175	H7	FALSO	SA77 DUAL OECD93	HAT1	UNKNOWN	FAM	NFQ-MGB							27.233	27.233						VERO	0.103	VERO	1	45		75.970			N	N	N	N	N	N		
176	H8	FALSO	SA77 DUAL OECD93	HDAC1	UNKNOWN	FAM	NFQ-MGB							26.867	26.867						VERO	0.063	VERO	1	45		82.414			N	N	N	N	N	N		
177	H9	FALSO	SA77 DUAL OECD93	HDAC2	UNKNOWN	FAM	NFQ-MGB							24.397	24.397						VERO	0.040	VERO	1	45		77.022			N	N	N	N	Y	Y		
178	H10	FALSO	SA77 DUAL OECD93	HES1	UNKNOWN	FAM	NFQ-MGB							30.771	30.771						VERO	0.053	VERO	1	45		79.652			N	N	N	N	N	N		
179	H11	FALSO	SA77 DUAL OECD93	HGF	UNKNOWN	FAM	NFQ-MGB							Undetermined							VERO	0.200	VERO	1	45		76.365			N	Y	N	N	N	Y		
180	H12	FALSO	SA77 DUAL OECD93	HIF1A	UNKNOWN	FAM	NFQ-MGB							26.858	26.858						VERO	0.088	VERO	1	45		76.891			N	N	N	N	N	N		
181	H13	FALSO	SA77 DUAL OECD93	HMGA1	UNKNOWN	FAM	NFQ-MGB							24.101	24.101						VERO	0.054	VERO	1	45		76.233			N	N	N	N	Y	N		
182	H14	FALSO	SA77 DUAL OECD93	HMGA2	UNKNOWN	FAM	NFQ-MGB							29.699	29.699						VERO	0.040	VERO	1	45		78.337			N	N	N	N	N	Y		
183	H15	FALSO	SA77 DUAL OECD93	HMGB1	UNKNOWN	FAM	NFQ-MGB							22.703	22.703						VERO	0.069	VERO	1	45		79.389			N	N	N	N	N	N		
184	H16	FALSO	SA77 DUAL OECD93	HMOX1	UNKNOWN	FAM	NFQ-MGB							36.043	36.043						VERO	0.069	VERO	1	45		83.861			N	N	N	N	N	N		
185	H17	FALSO	SA77 DUAL OECD93	HNF1A	UNKNOWN	FAM	NFQ-MGB							32.996	32.996						VERO	0.079	VERO	1	45		85.176			N	N	N	N	N	N		
186	H18	FALSO	SA77 DUAL OECD93	HOXA9	UNKNOWN	FAM	NFQ-MGB							35.780	35.780						VERO	0.084	VERO	1	45		81.625			N	N	N	N	N	N		
187	H19	FALSO	SA77 DUAL OECD93	HRAS	UNKNOWN	FAM	NFQ-MGB							30.240	30.240						VERO	0.040	VERO	1	45		78.995			N	N	N	Y	N	Y		
188	H20	FALSO	SA77 DUAL OECD93	ID1	UNKNOWN	FAM	NFQ-MGB							25.966	25.966						VERO	0.093	VERO	1	45		87.806			N	N	N	Y	Y	N		
189	H21	FALSO	SA77 DUAL OECD93	ID2	UNKNOWN	FAM	NFQ-MGB							23.701	23.701						VERO	0.065	VERO	1	45		76.759			N	N	N	N	Y	N		
190	H22	FALSO	SA77 DUAL OECD93	IFI30	UNKNOWN	FAM	NFQ-MGB							28.965	28.965						VERO	0.055	VERO	1	45		80.178			N	N	N	N	N	N		
191	H23	FALSO	SA77 DUAL OECD93	IGF1	UNKNOWN	FAM	NFQ-MGB							Undetermined							VERO	0.200	VERO	1	45		61.372	91.094	79.784	Y	Y	Y	N	N	Y		
192	H24	FALSO	SA77 DUAL OECD93	IGF1R	UNKNOWN	FAM	NFQ-MGB							33.861	33.861						VERO	0.041	VERO	1	45		79.915			N	N	N	N	N	N		
193	I1	FALSO	SA77 DUAL OECD93	IGF2	UNKNOWN	FAM	NFQ-MGB							35.456	35.456						VERO	0.040	VERO	1	45		77.548			N	N	N	N	N	Y		
194	I2	FALSO	SA77 DUAL OECD93	IGFBP2	UNKNOWN	FAM	NFQ-MGB							29.936	29.936						VERO	0.055	VERO	1	45		80.310			N	N	N	N	N	N		
195	I3	FALSO	SA77 DUAL OECD93	IGFBP3	UNKNOWN	FAM	NFQ-MGB							32.550	32.550						VERO	0.041	VERO	1	45		77.811			N	N	N	N	N	N		
196	I4	FALSO	SA77 DUAL OECD93	IGFBP7	UNKNOWN	FAM	NFQ-MGB							33.073	33.073						VERO	0.040	VERO	1	45		75.312			N	N	N	N	N	Y		
197	I5	FALSO	SA77 DUAL OECD93	IRF1	UNKNOWN	FAM	NFQ-MGB							32.158	32.158						VERO	0.073	VERO	1	45		81.888			N	N	N	N	N	N		
198	I6	FALSO	SA77 DUAL OECD93	IRF8	UNKNOWN	FAM	NFQ-MGB							Undetermined							VERO	0.200	VERO	1	45		75.838	61.109	88.726	Y	Y	Y	N	N	Y		
199	I7	FALSO	SA77 DUAL OECD93	JAG1	UNKNOWN	FAM	NFQ-MGB							30.899	30.899						VERO	0.068	VERO	1	45		77.680			N	N	N	N	N	N		
200	I8	FALSO	SA77 DUAL OECD93	JAK1	UNKNOWN	FAM	NFQ-MGB							29.371	29.371						VERO	0.040	VERO	1	45		77.811			N	N	N	N	N	Y		
201	I9	FALSO	SA77 DUAL OECD93	JAK2	UNKNOWN	FAM	NFQ-MGB							30.880	30.880						VERO	0.048	VERO	1	45		75.181			N	N	N	N	N	N		
202	I10	FALSO	SA77 DUAL OECD93	JUN	UNKNOWN	FAM	NFQ-MGB							24.692	24.692						VERO	0.060	VERO	1	45		76.628			N	N	N	N	Y	N		
203	I11	FALSO	SA77 DUAL OECD93	KDR	UNKNOWN	FAM	NFQ-MGB							Undetermined							VERO	0.200	VERO	1	45		61.898			N	Y	Y	N	N	Y		
204	I12	FALSO	SA77 DUAL OECD93	KIT	UNKNOWN	FAM	NFQ-MGB							34.309	34.309						VERO	0.062	VERO	1	45		79.915			N	N	N	N	Y	N		
205	I13	FALSO	SA77 DUAL OECD93	KLF4	UNKNOWN	FAM	NFQ-MGB							27.354	27.354						VERO	0.082	VERO	1	45		79.258			N	N	N	N	Y	N		
206	I14	FALSO	SA77 DUAL OECD93	KLF6	UNKNOWN	FAM	NFQ-MGB							29.475	29.475						VERO	0.091	VERO	1	45		82.545			N	N	N	N	N	N		
207	I15	FALSO	SA77 DUAL OECD93	KRAS	UNKNOWN	FAM	NFQ-MGB							28.651	28.651						VERO	0.056	VERO	1	45		82.808	86.096		Y	N	N	N	N	N		
208	I16	FALSO	SA77 DUAL OECD93	KRT18	UNKNOWN	FAM	NFQ-MGB							23.042	23.042						VERO	0.040	VERO	1	45		79.389			N	N	N	Y	Y	Y		
209	I17	FALSO	SA77 DUAL OECD93	KRT20	UNKNOWN	FAM	NFQ-MGB							29.399	29.399						VERO	0.044	VERO	1	45		77.285			N	N	N	N	N	N		
210	I18	FALSO	SA77 DUAL OECD93	KRT5	UNKNOWN	FAM	NFQ-MGB							41.937	41.937						VERO	0.040	VERO	1	45		83.335			N	N	N	Y	N	Y		
211	I19	FALSO	SA77 DUAL OECD93	LCN2	UNKNOWN	FAM	NFQ-MGB							28.899	28.899						VERO	0.082	VERO	1	45		79.784			N	N	N	Y	Y	N		
212	I20	FALSO	SA77 DUAL OECD93	LDHA	UNKNOWN	FAM	NFQ-MGB							25.242	25.242						VERO	0.081	VERO	1	45		83.072			N	N	N	Y	Y	N		
213	I21	FALSO	SA77 DUAL OECD93	LDHB	UNKNOWN	FAM	NFQ-MGB							21.007	21.007						VERO	0.056	VERO	1	45		78.863			N	N	N	N	N	N		
214	I22	FALSO	SA77 DUAL OECD93	LEP	UNKNOWN	FAM	NFQ-MGB							Undetermined							VERO	0.200	VERO	1	45		61.372			N	Y	Y	N	N	Y		
215	I23	FALSO	SA77 DUAL OECD93	LEPR	UNKNOWN	FAM	NFQ-MGB							33.973	33.973						VERO	0.065	VERO	1	45		80.178			N	N	N	N	N	N		
216	I24	FALSO	SA77 DUAL OECD93	LGALS1	UNKNOWN	FAM	NFQ-MGB							30.815	30.815						VERO	0.071	VERO	1	45		78.206			N	N	N	N	N	N		
217	J1	FALSO	SA77 DUAL OECD93	LGAQLS3	UNKNOWN	FAM	NFQ-MGB							23.005	23.005						VERO	0.043	VERO	1	45		80.967			N	N	N	N	N	N		
218	J2	FALSO	SA77 DUAL OECD93	LMNA	UNKNOWN	FAM	NFQ-MGB							Undetermined							VERO	0.200	VERO	1	45		72.682	61.767		Y	Y	Y	N	N	Y		
219	J3	FALSO	SA77 DUAL OECD93	LMNB1	UNKNOWN	FAM	NFQ-MGB							25.120	25.120						VERO	0.046	VERO	1	45		76.496			N	N	N	N	N	N		
220	J4	FALSO	SA77 DUAL OECD93	MAP2K1	UNKNOWN	FAM	NFQ-MGB							31.514	31.514						VERO	0.040	VERO	1	45		81.625			N	N	N	N	Y	Y		
221	J5	FALSO	SA77 DUAL OECD93	MAP2K2	UNKNOWN	FAM	NFQ-MGB							28.258	28.258						VERO	0.048	VERO	1	45		80.310			N	N	N	N	N	N		
222	J6	FALSO	SA77 DUAL OECD93	MAP2K4	UNKNOWN	FAM	NFQ-MGB							28.284	28.284						VERO	0.056	VERO	1	45		81.230			N	N	N	N	N	N		
223	J7	FALSO	SA77 DUAL OECD93	MAPK1	UNKNOWN	FAM	NFQ-MGB							27.510	27.510						VERO	0.051	VERO	1	45		77.022			N	N	N	N	Y	N		
224	J8	FALSO	SA77 DUAL OECD93	MAPK14	UNKNOWN	FAM	NFQ-MGB							31.739	31.739						VERO	0.056	VERO	1	45		76.101			N	N	N	N	Y	N		
225	J9	FALSO	SA77 DUAL OECD93	MAPK3	UNKNOWN	FAM	NFQ-MGB							31.799	31.799						VERO	0.076	VERO	1	45		80.310			N	N	N	N	N	N		
226	J10	FALSO	SA77 DUAL OECD93	MAPK8	UNKNOWN	FAM	NFQ-MGB							27.753	27.753						VERO	0.098	VERO	1	45		80.704			N	N	N	N	N	N		
227	J11	FALSO	SA77 DUAL OECD93	MCL1	UNKNOWN	FAM	NFQ-MGB							26.567	26.567						VERO	0.040	VERO	1	45		81.362			N	N	N	N	N	Y		
228	J12	FALSO	SA77 DUAL OECD93	MDC1	UNKNOWN	FAM	NFQ-MGB							36.422	36.422						VERO	0.056	VERO	1	45		80.836			N	N	N	N	N	N		
229	J13	FALSO	SA77 DUAL OECD93	MDM2	UNKNOWN	FAM	NFQ-MGB							28.993	28.993						VERO	0.040	VERO	1	45		76.101			N	N	N	N	N	Y		
230	J14	FALSO	SA77 DUAL OECD93	MET	UNKNOWN	FAM	NFQ-MGB							27.210	27.210						VERO	0.056	VERO	1	45		80.704			N	N	N	N	N	N		
231	J15	FALSO	SA77 DUAL OECD93	MIF	UNKNOWN	FAM	NFQ-MGB							24.013	24.013						VERO	0.044	VERO	1	45		87.937			N	N	N	N	N	N		
232	J16	FALSO	SA77 DUAL OECD93	MKI67	UNKNOWN	FAM	NFQ-MGB							26.350	26.350						VERO	0.040	VERO	1	45		76.233			N	N	N	N	Y	Y		
233	J17	FALSO	SA77 DUAL OECD93	MLH1	UNKNOWN	FAM	NFQ-MGB							26.875	26.875						VERO	0.040	VERO	1	45		81.230			N	N	N	Y	N	N		
234	J18	FALSO	SA77 DUAL OECD93	MMP1	UNKNOWN	FAM	NFQ-MGB							37.033	37.033						VERO	0.060	VERO	1	45		78.469			N	N	N	N	N	N		
235	J19	FALSO	SA77 DUAL OECD93	MMP2	UNKNOWN	FAM	NFQ-MGB							Undetermined							VERO	0.200	VERO	1	45		75.181	61.372	84.255	Y	Y	Y	N	N	Y		
236	J20	FALSO	SA77 DUAL OECD93	MMP3	UNKNOWN	FAM	NFQ-MGB							Undetermined							VERO	0.200	VERO	1	45		61.241	78.206	94.250	Y	Y	Y	N	N	Y		
237	J21	FALSO	SA77 DUAL OECD93	MMP7	UNKNOWN	FAM	NFQ-MGB							Undetermined							VERO	0.200	VERO	1	45		61.635			N	Y	Y	N	N	Y		
238	J22	FALSO	SA77 DUAL OECD93	MMP9	UNKNOWN	FAM	NFQ-MGB							33.240	33.240						VERO	0.088	VERO	1	45		82.151			N	N	N	N	Y	N		
239	J23	FALSO	SA77 DUAL OECD93	MRE11	UNKNOWN	FAM	NFQ-MGB							29.463	29.463						VERO	0.040	VERO	1	45		73.866			N	N	N	N	N	Y		
240	J24	FALSO	SA77 DUAL OECD93	MSH2	UNKNOWN	FAM	NFQ-MGB							29.279	29.279						VERO	0.072	VERO	1	45		75.970			N	N	N	N	N	N		
241	K1	FALSO	SA77 DUAL OECD93	MSH3	UNKNOWN	FAM	NFQ-MGB							30.342	30.342						VERO	0.054	VERO	1	45		77.417			N	N	N	N	N	N		
242	K2	FALSO	SA77 DUAL OECD93	MSH6	UNKNOWN	FAM	NFQ-MGB							24.202	24.202						VERO	0.050	VERO	1	45		77.811			N	N	N	N	N	N		
243	K3	FALSO	SA77 DUAL OECD93	MTOR	UNKNOWN	FAM	NFQ-MGB							30.453	30.453						VERO	0.067	VERO	1	45		81.230			N	N	N	N	N	N		
244	K4	FALSO	SA77 DUAL OECD93	MUC1	UNKNOWN	FAM	NFQ-MGB							25.052	25.052						VERO	0.054	VERO	1	45		81.625			N	N	N	N	N	N		
245	K5	FALSO	SA77 DUAL OECD93	MYC	UNKNOWN	FAM	NFQ-MGB							30.365	30.365						VERO	0.090	VERO	1	45		82.151			N	N	N	N	N	N		
246	K6	FALSO	SA77 DUAL OECD93	NAMPT	UNKNOWN	FAM	NFQ-MGB							25.306	25.306						VERO	0.059	VERO	1	45		75.970			N	N	N	N	Y	N		
247	K7	FALSO	SA77 DUAL OECD93	NBN	UNKNOWN	FAM	NFQ-MGB							26.613	26.613						VERO	0.040	VERO	1	45		76.365			N	N	N	N	N	Y		
248	K8	FALSO	SA77 DUAL OECD93	NCAM1	UNKNOWN	FAM	NFQ-MGB							Undetermined							VERO	0.200	VERO	1	45		61.372			N	Y	Y	N	N	Y		
249	K9	FALSO	SA77 DUAL OECD93	NES	UNKNOWN	FAM	NFQ-MGB							32.930	32.930						VERO	0.082	VERO	1	45		81.230			N	N	N	N	N	N		
250	K10	FALSO	SA77 DUAL OECD93	NFKB1	UNKNOWN	FAM	NFQ-MGB							30.067	30.067						VERO	0.057	VERO	1	45		78.206			N	N	N	N	N	N		
251	K11	FALSO	SA77 DUAL OECD93	NFKB2	UNKNOWN	FAM	NFQ-MGB							30.473	30.473						VERO	0.060	VERO	1	45		79.652			N	N	N	N	N	N		
252	K12	FALSO	SA77 DUAL OECD93	NFKBIA	UNKNOWN	FAM	NFQ-MGB							30.550	30.550						VERO	0.082	VERO	1	45		81.230			N	N	N	N	N	N		
253	K13	FALSO	SA77 DUAL OECD93	NFKBIB	UNKNOWN	FAM	NFQ-MGB							31.468	31.468						VERO	0.071	VERO	1	45		82.282			N	N	N	Y	N	N		
254	K14	FALSO	SA77 DUAL OECD93	NFKBIE	UNKNOWN	FAM	NFQ-MGB							32.215	32.215						VERO	0.086	VERO	1	45		81.099			N	N	N	N	N	N		
255	K15	FALSO	SA77 DUAL OECD93	NGF	UNKNOWN	FAM	NFQ-MGB							Undetermined							VERO	0.200	VERO	1	45		60.978			N	Y	Y	N	N	Y		
256	K16	FALSO	SA77 DUAL OECD93	NGFR	UNKNOWN	FAM	NFQ-MGB							Undetermined							VERO	0.200	VERO	1	45		61.504	76.759	85.439	Y	Y	N	N	N	Y		
257	K17	FALSO	SA77 DUAL OECD93	NOS2	UNKNOWN	FAM	NFQ-MGB							Undetermined							VERO	0.200	VERO	1	45		61.372	75.575	86.359	Y	Y	Y	N	N	Y		
258	K18	FALSO	SA77 DUAL OECD93	NOS3	UNKNOWN	FAM	NFQ-MGB							Undetermined							VERO	0.200	VERO	1	45		61.372	78.337	86.096	Y	Y	Y	N	N	Y		
259	K19	FALSO	SA77 DUAL OECD93	NOTCH1	UNKNOWN	FAM	NFQ-MGB							33.817	33.817						VERO	0.094	VERO	1	45		86.359			N	N	N	Y	N	N		
260	K20	FALSO	SA77 DUAL OECD93	NOTCH2	UNKNOWN	FAM	NFQ-MGB							37.416	37.416						VERO	0.087	VERO	1	45		77.680			N	N	N	N	N	N		
261	K21	FALSO	SA77 DUAL OECD93	NOX4	UNKNOWN	FAM	NFQ-MGB							Undetermined							VERO	0.200	VERO	1	45		61.109			N	Y	Y	Y	N	Y		
262	K22	FALSO	SA77 DUAL OECD93	NR3C1	UNKNOWN	FAM	NFQ-MGB							31.656	31.656						VERO	0.055	VERO	1	45		79.784			N	N	N	N	N	N		
263	K23	FALSO	SA77 DUAL OECD93	NR3C2	UNKNOWN	FAM	NFQ-MGB							33.892	33.892						VERO	0.040	VERO	1	45		69.658	77.811		Y	N	N	N	N	Y		
264	K24	FALSO	SA77 DUAL OECD93	NR4A1	UNKNOWN	FAM	NFQ-MGB							42.209	42.209						VERO	0.040	VERO	1	45		88.463			N	N	N	N	N	Y		
265	L1	FALSO	SA77 DUAL OECD93	NR4A2	UNKNOWN	FAM	NFQ-MGB							29.034	29.034						VERO	0.041	VERO	1	45		78.074			N	N	N	N	N	N		
266	L2	FALSO	SA77 DUAL OECD93	NRAS	UNKNOWN	FAM	NFQ-MGB							28.909	28.909						VERO	0.052	VERO	1	45		75.575			N	N	N	N	N	N		
267	L3	FALSO	SA77 DUAL OECD93	PAK1	UNKNOWN	FAM	NFQ-MGB							28.159	28.159						VERO	0.052	VERO	1	45		79.784			N	N	N	N	N	N		
268	L4	FALSO	SA77 DUAL OECD93	PARP1	UNKNOWN	FAM	NFQ-MGB							26.281	26.281						VERO	0.084	VERO	1	45		78.600			N	N	N	N	N	N		
269	L5	FALSO	SA77 DUAL OECD93	PAX8	UNKNOWN	FAM	NFQ-MGB							35.970	35.970						VERO	0.060	VERO	1	45		82.940			N	N	N	N	N	N		
270	L6	FALSO	SA77 DUAL OECD93	PCNA	UNKNOWN	FAM	NFQ-MGB							22.969	22.969						VERO	0.042	VERO	1	45		74.655			N	N	N	N	Y	N		
271	L7	FALSO	SA77 DUAL OECD93	PDGFA	UNKNOWN	FAM	NFQ-MGB							28.222	28.222						VERO	0.043	VERO	1	45		80.573			N	N	N	N	N	N		
272	L8	FALSO	SA77 DUAL OECD93	PDGFB	UNKNOWN	FAM	NFQ-MGB							Undetermined							VERO	0.200	VERO	1	45		62.556			N	Y	Y	N	N	Y		
273	L9	FALSO	SA77 DUAL OECD93	PDGFRA	UNKNOWN	FAM	NFQ-MGB							Undetermined							VERO	0.200	VERO	1	45		61.504	76.101	86.096	Y	Y	Y	N	N	Y		
274	L10	FALSO	SA77 DUAL OECD93	PDGFRB	UNKNOWN	FAM	NFQ-MGB							Undetermined							VERO	0.200	VERO	1	45		85.965	61.109	92.277	Y	Y	Y	N	N	Y		
275	L11	FALSO	SA77 DUAL OECD93	PDK1	UNKNOWN	FAM	NFQ-MGB							28.588	28.588						VERO	0.072	VERO	1	45		76.628			N	N	N	N	N	N		
276	L12	FALSO	SA77 DUAL OECD93	PDK2	UNKNOWN	FAM	NFQ-MGB							32.313	32.313						VERO	0.094	VERO	1	45		79.915			N	N	N	Y	Y	N		
277	L13	FALSO	SA77 DUAL OECD93	PDK3	UNKNOWN	FAM	NFQ-MGB							29.853	29.853						VERO	0.082	VERO	1	45		74.918			N	N	N	N	N	N		
278	L14	FALSO	SA77 DUAL OECD93	PDK4	UNKNOWN	FAM	NFQ-MGB							33.848	33.848						VERO	0.074	VERO	1	45		76.365	70.841		Y	N	N	N	N	N		
279	L15	FALSO	SA77 DUAL OECD93	PIK3CA	UNKNOWN	FAM	NFQ-MGB							29.361	29.361						VERO	0.058	VERO	1	45		76.233			N	N	N	N	N	N		
280	L16	FALSO	SA77 DUAL OECD93	PIK3CB	UNKNOWN	FAM	NFQ-MGB							28.967	28.967						VERO	0.085	VERO	1	45		76.365			N	N	N	N	Y	N		
281	L17	FALSO	SA77 DUAL OECD93	PIK3R1	UNKNOWN	FAM	NFQ-MGB							29.938	29.938						VERO	0.062	VERO	1	45		77.680			N	N	N	N	N	N		
282	L18	FALSO	SA77 DUAL OECD93	PIM1	UNKNOWN	FAM	NFQ-MGB							32.359	32.359						VERO	0.074	VERO	1	45		78.600			N	N	N	N	N	N		
283	L19	FALSO	SA77 DUAL OECD93	PKM	UNKNOWN	FAM	NFQ-MGB							30.965	30.965						VERO	0.060	VERO	1	45		79.389			N	N	N	N	Y	N		
284	L20	FALSO	SA77 DUAL OECD93	PLK1	UNKNOWN	FAM	NFQ-MGB							30.678	30.678						VERO	0.081	VERO	1	45		80.573			N	N	N	Y	Y	N		
285	L21	FALSO	SA77 DUAL OECD93	PLK2	UNKNOWN	FAM	NFQ-MGB							30.364	30.364						VERO	0.071	VERO	1	45		79.521			N	N	N	Y	Y	N		
286	L22	FALSO	SA77 DUAL OECD93	PLK3	UNKNOWN	FAM	NFQ-MGB							31.152	31.152						VERO	0.040	VERO	1	45		76.233			N	N	N	N	N	Y		
287	L23	FALSO	SA77 DUAL OECD93	PML	UNKNOWN	FAM	NFQ-MGB							44.004	44.004						VERO	0.040	VERO	1	45		82.282			N	N	N	N	N	Y		
288	L24	FALSO	SA77 DUAL OECD93	POLB	UNKNOWN	FAM	NFQ-MGB							26.847	26.847						VERO	0.055	VERO	1	45		77.680			N	N	N	Y	N	N		
289	M1	FALSO	SA77 DUAL OECD93	POSTN	UNKNOWN	FAM	NFQ-MGB							Undetermined							VERO	0.200	VERO	1	45		61.372	75.575	93.855	Y	Y	Y	N	N	Y		
290	M2	FALSO	SA77 DUAL OECD93	PPARA	UNKNOWN	FAM	NFQ-MGB							29.308	29.308						VERO	0.080	VERO	1	45		82.282			N	N	N	N	N	N		
291	M3	FALSO	SA77 DUAL OECD93	PPARG	UNKNOWN	FAM	NFQ-MGB							27.199	27.199						VERO	0.065	VERO	1	45		77.548			N	N	N	N	N	N		
292	M4	FALSO	SA77 DUAL OECD93	PPARGC1	UNKNOWN	FAM	NFQ-MGB							Undetermined							VERO	0.200	VERO	1	45		61.372			N	Y	Y	N	N	Y		
293	M5	FALSO	SA77 DUAL OECD93	PRC1	UNKNOWN	FAM	NFQ-MGB							29.677	29.677						VERO	0.057	VERO	1	45		81.493			N	N	N	N	N	N		
294	M6	FALSO	SA77 DUAL OECD93	PRKAA2	UNKNOWN	FAM	NFQ-MGB							30.605	30.605						VERO	0.052	VERO	1	45		78.469			N	N	N	N	N	N		
295	M7	FALSO	SA77 DUAL OECD93	PRKAB1	UNKNOWN	FAM	NFQ-MGB							31.296	31.296						VERO	0.084	VERO	1	45		76.496			N	N	N	N	N	N		
296	M8	FALSO	SA77 DUAL OECD93	PRKACB	UNKNOWN	FAM	NFQ-MGB							31.967	31.967						VERO	0.085	VERO	1	45		77.417			N	N	N	Y	Y	N		
297	M9	FALSO	SA77 DUAL OECD93	PRKAR1A	UNKNOWN	FAM	NFQ-MGB							28.901	28.901						VERO	0.073	VERO	1	45		74.392			N	N	N	N	N	N		
298	M10	FALSO	SA77 DUAL OECD93	PRKCA	UNKNOWN	FAM	NFQ-MGB							28.414	28.414						VERO	0.048	VERO	1	45		78.469			N	N	N	N	N	N		
299	M11	FALSO	SA77 DUAL OECD93	PRKCB	UNKNOWN	FAM	NFQ-MGB							Undetermined							VERO	0.200	VERO	1	45		61.898			N	Y	Y	N	N	Y		
300	M12	FALSO	SA77 DUAL OECD93	PRKCD	UNKNOWN	FAM	NFQ-MGB							32.371	32.371						VERO	0.072	VERO	1	45		80.836			N	N	N	N	N	N		
301	M13	FALSO	SA77 DUAL OECD93	PRKCE	UNKNOWN	FAM	NFQ-MGB							34.260	34.260						VERO	0.073	VERO	1	45		78.074			N	N	N	N	N	N		
302	M14	FALSO	SA77 DUAL OECD93	PRKCQ	UNKNOWN	FAM	NFQ-MGB							Undetermined							VERO	0.200	VERO	1	45		61.504	75.707	85.965	Y	Y	Y	Y	N	Y		
303	M15	FALSO	SA77 DUAL OECD93	PRKCZ	UNKNOWN	FAM	NFQ-MGB							31.078	31.078						VERO	0.051	VERO	1	45		81.230			N	N	N	N	N	N		
304	M16	FALSO	SA77 DUAL OECD93	PRKD1	UNKNOWN	FAM	NFQ-MGB							Undetermined							VERO	0.200	VERO	1	45		77.022	61.241	88.332	Y	Y	Y	Y	N	Y		
305	M17	FALSO	SA77 DUAL OECD93	PRKDC	UNKNOWN	FAM	NFQ-MGB							26.254	26.254						VERO	0.040	VERO	1	45		77.943			N	N	N	N	N	Y		
306	M18	FALSO	SA77 DUAL OECD93	PROM1	UNKNOWN	FAM	NFQ-MGB							30.702	30.702						VERO	0.094	VERO	1	45		75.312			N	N	N	N	N	N		
307	M19	FALSO	SA77 DUAL OECD93	PTEN	UNKNOWN	FAM	NFQ-MGB							27.297	27.297						VERO	0.084	VERO	1	45		77.285			N	N	N	N	N	N		
308	M20	FALSO	SA77 DUAL OECD93	PTK2	UNKNOWN	FAM	NFQ-MGB							33.600	33.600						VERO	0.064	VERO	1	45		78.337			N	N	N	Y	N	N		
309	M21	FALSO	SA77 DUAL OECD93	RAC1	UNKNOWN	FAM	NFQ-MGB							26.717	26.717						VERO	0.086	VERO	1	45		78.469			N	N	N	Y	Y	N		
310	M22	FALSO	SA77 DUAL OECD93	RAD50	UNKNOWN	FAM	NFQ-MGB							28.345	28.345						VERO	0.072	VERO	1	45		76.759			N	N	N	N	N	N		
311	M23	FALSO	SA77 DUAL OECD93	RAD51	UNKNOWN	FAM	NFQ-MGB							29.351	29.351						VERO	0.085	VERO	1	45		79.389			N	N	N	N	Y	N		
312	M24	FALSO	SA77 DUAL OECD93	RAF1	UNKNOWN	FAM	NFQ-MGB							31.403	31.403						VERO	0.040	VERO	1	45		79.521			N	N	N	N	N	Y		
313	N1	FALSO	SA77 DUAL OECD93	RB1	UNKNOWN	FAM	NFQ-MGB							27.567	27.567						VERO	0.053	VERO	1	45		75.575			N	N	N	N	N	N		
314	N2	FALSO	SA77 DUAL OECD93	RELA	UNKNOWN	FAM	NFQ-MGB							30.833	30.833						VERO	0.040	VERO	1	45		77.154			N	N	N	N	N	Y		
315	N3	FALSO	SA77 DUAL OECD93	RHOA	UNKNOWN	FAM	NFQ-MGB							24.423	24.423						VERO	0.042	VERO	1	45		81.230			N	N	N	N	Y	N		
316	N4	FALSO	SA77 DUAL OECD93	RIPK1	UNKNOWN	FAM	NFQ-MGB							30.677	30.677						VERO	0.092	VERO	1	45		75.444			N	N	N	N	N	N		
317	N5	FALSO	SA77 DUAL OECD93	RIPK2	UNKNOWN	FAM	NFQ-MGB							25.565	25.565						VERO	0.040	VERO	1	45		77.154			N	N	N	N	N	Y		
318	N6	FALSO	SA77 DUAL OECD93	ROC1	UNKNOWN	FAM	NFQ-MGB							28.234	28.234						VERO	0.044	VERO	1	45		78.074			N	N	N	Y	Y	N		
319	N7	FALSO	SA77 DUAL OECD93	RUNX1	UNKNOWN	FAM	NFQ-MGB							Undetermined							VERO	0.200	VERO	1	45		61.767	74.260	89.384	Y	Y	Y	N	N	Y		
320	N8	FALSO	SA77 DUAL OECD93	RUNX2	UNKNOWN	FAM	NFQ-MGB							34.535	34.535						VERO	0.067	VERO	1	45		78.863			N	N	N	N	N	N		
321	N9	FALSO	SA77 DUAL OECD93	S100A4	UNKNOWN	FAM	NFQ-MGB							27.828	27.828						VERO	0.083	VERO	1	45		81.099			N	N	N	N	N	N		
322	N10	FALSO	SA77 DUAL OECD93	S100AB	UNKNOWN	FAM	NFQ-MGB							32.926	32.926						VERO	0.040	VERO	1	45		76.628			N	N	N	N	N	Y		
323	N11	FALSO	SA77 DUAL OECD93	S100A9	UNKNOWN	FAM	NFQ-MGB							Undetermined							VERO	0.200	VERO	1	45		61.504	75.707	90.568	Y	Y	Y	N	N	Y		
324	N12	FALSO	SA77 DUAL OECD93	S100B	UNKNOWN	FAM	NFQ-MGB							43.233	43.233						VERO	0.040	VERO	1	45		72.814			N	N	N	N	N	Y		
325	N13	FALSO	SA77 DUAL OECD93	SERPINE	UNKNOWN	FAM	NFQ-MGB							Undetermined							VERO	0.200	VERO	1	45		62.424			N	Y	Y	N	N	Y		
326	N14	FALSO	SA77 DUAL OECD93	SFRP1	UNKNOWN	FAM	NFQ-MGB							Undetermined							VERO	0.200	VERO	1	45		70.578	75.049	79.126	Y	Y	Y	N	N	Y		
327	N15	FALSO	SA77 DUAL OECD93	SFRP2	UNKNOWN	FAM	NFQ-MGB							Undetermined							VERO	0.200	VERO	1	45		75.838			N	N	N	Y	N	Y		
328	N16	FALSO	SA77 DUAL OECD93	SHC1	UNKNOWN	FAM	NFQ-MGB							30.380	30.380						VERO	0.060	VERO	1	45		79.915			N	N	N	Y	Y	N		
329	N17	FALSO	SA77 DUAL OECD93	SHH	UNKNOWN	FAM	NFQ-MGB							Undetermined							VERO	0.200	VERO	1	45		61.372			N	Y	Y	N	N	Y		
330	N18	FALSO	SA77 DUAL OECD93	SIRT1	UNKNOWN	FAM	NFQ-MGB							29.317	29.317						VERO	0.076	VERO	1	45		78.337			N	N	N	N	N	N		
331	N19	FALSO	SA77 DUAL OECD93	SIRT2	UNKNOWN	FAM	NFQ-MGB							Undetermined							VERO	0.200	VERO	1	45		61.504	68.605	92.540	Y	Y	Y	N	N	Y		
332	N20	FALSO	SA77 DUAL OECD93	SIRT3	UNKNOWN	FAM	NFQ-MGB							31.846	31.846						VERO	0.040	VERO	1	45		80.178	84.781		Y	N	N	N	Y	Y		
333	N21	FALSO	SA77 DUAL OECD93	SMAD4	UNKNOWN	FAM	NFQ-MGB							28.135	28.135						VERO	0.040	VERO	1	45		80.704			N	N	N	N	Y	Y		
334	N22	FALSO	SA77 DUAL OECD93	SNAI1	UNKNOWN	FAM	NFQ-MGB							35.445	35.445						VERO	0.057	VERO	1	45		81.625			N	N	N	N	N	N		
335	N23	FALSO	SA77 DUAL OECD93	SNAI2	UNKNOWN	FAM	NFQ-MGB							Undetermined							VERO	0.200	VERO	1	45		80.310	61.241	93.066	Y	Y	Y	N	N	Y		
336	N24	FALSO	SA77 DUAL OECD93	SOCS1	UNKNOWN	FAM	NFQ-MGB							Undetermined							VERO	0.200	VERO	1	45		61.635	93.461	90.042	Y	Y	Y	N	N	Y		
337	O1	FALSO	SA77 DUAL OECD93	SOCS3	UNKNOWN	FAM	NFQ-MGB							Undetermined							VERO	0.200	VERO	1	45		93.066	61.372	74.129	Y	N	Y	N	N	Y		
338	O2	FALSO	SA77 DUAL OECD93	SOX2	UNKNOWN	FAM	NFQ-MGB							Undetermined							VERO	0.200	VERO	1	45		61.109			N	Y	Y	N	N	Y		
339	O3	FALSO	SA77 DUAL OECD93	SOX4	UNKNOWN	FAM	NFQ-MGB							25.267	25.267						VERO	0.080	VERO	1	45		76.628			N	N	N	N	N	N		
340	O4	FALSO	SA77 DUAL OECD93	SOX9	UNKNOWN	FAM	NFQ-MGB							30.618	30.618						VERO	0.080	VERO	1	45		86.754			N	N	N	N	N	N		
341	O5	FALSO	SA77 DUAL OECD93	SP1	UNKNOWN	FAM	NFQ-MGB							27.858	27.858						VERO	0.040	VERO	1	45		81.230			N	N	N	N	N	Y		
342	O6	FALSO	SA77 DUAL OECD93	SPARC	UNKNOWN	FAM	NFQ-MGB							Undetermined							VERO	0.040	VERO	1	45		72.551			N	N	N	N	N	Y		
343	O7	FALSO	SA77 DUAL OECD93	SPP1	UNKNOWN	FAM	NFQ-MGB							32.054	32.054						VERO	0.057	VERO	1	45		80.836			N	N	N	N	N	N		
344	O8	FALSO	SA77 DUAL OECD93	SRC	UNKNOWN	FAM	NFQ-MGB							30.472	30.472						VERO	0.043	VERO	1	45		81.756			N	N	N	N	N	N		
345	O9	FALSO	SA77 DUAL OECD93	STAT3	UNKNOWN	FAM	NFQ-MGB							29.385	29.385						VERO	0.040	VERO	1	45		80.704			N	N	N	N	N	N		
346	O10	FALSO	SA77 DUAL OECD93	TERT	UNKNOWN	FAM	NFQ-MGB							Undetermined							VERO	0.200	VERO	1	45		61.241	90.568	94.118	Y	Y	Y	N	N	Y		
347	O11	FALSO	SA77 DUAL OECD93	TGFA	UNKNOWN	FAM	NFQ-MGB							34.674	34.674						VERO	0.089	VERO	1	45		80.178			N	N	N	Y	N	N		
348	O12	FALSO	SA77 DUAL OECD93	TGFB1	UNKNOWN	FAM	NFQ-MGB							32.253	32.253						VERO	0.056	VERO	1	45		79.784			N	N	N	N	N	N		
349	O13	FALSO	SA77 DUAL OECD93	TGFB2	UNKNOWN	FAM	NFQ-MGB							Undetermined							VERO	0.200	VERO	1	45		61.109			N	Y	Y	N	N	Y		
350	O14	FALSO	SA77 DUAL OECD93	TGFBR1	UNKNOWN	FAM	NFQ-MGB							27.937	27.937						VERO	0.048	VERO	1	45		78.863			N	N	N	N	N	N		
351	O15	FALSO	SA77 DUAL OECD93	TGFBR2	UNKNOWN	FAM	NFQ-MGB							30.225	30.225						VERO	0.072	VERO	1	45		79.521			N	N	N	N	N	N		
352	O16	FALSO	SA77 DUAL OECD93	THRA	UNKNOWN	FAM	NFQ-MGB							31.070	31.070						VERO	0.040	VERO	1	45		80.573			N	N	N	N	N	Y		
353	O17	FALSO	SA77 DUAL OECD93	THRB	UNKNOWN	FAM	NFQ-MGB							31.749	31.749						VERO	0.047	VERO	1	45		69.921	81.362		Y	N	N	N	N	N		
354	O18	FALSO	SA77 DUAL OECD93	TIMP1	UNKNOWN	FAM	NFQ-MGB							32.314	32.314						VERO	0.088	VERO	1	45		80.836			N	N	N	N	N	N		
355	O19	FALSO	SA77 DUAL OECD93	TIMP2	UNKNOWN	FAM	NFQ-MGB							32.956	32.956						VERO	0.040	VERO	1	45		78.337			N	N	N	N	N	Y		
356	O20	FALSO	SA77 DUAL OECD93	TIMP3	UNKNOWN	FAM	NFQ-MGB							31.787	31.787						VERO	0.040	VERO	1	45		76.496			N	N	N	Y	N	Y		
357	O21	FALSO	SA77 DUAL OECD93	TNC	UNKNOWN	FAM	NFQ-MGB							Undetermined							VERO	0.200	VERO	1	45		61.241			N	Y	Y	Y	N	Y		
358	O22	FALSO	SA77 DUAL OECD93	TNF	UNKNOWN	FAM	NFQ-MGB							43.001	43.001						VERO	0.040	VERO	1	45		76.365			N	N	N	N	N	Y		
359	O23	FALSO	SA77 DUAL OECD93	TP53	UNKNOWN	FAM	NFQ-MGB							30.384	30.384						VERO	0.064	VERO	1	45		80.441			N	N	N	N	N	N		
360	O24	FALSO	SA77 DUAL OECD93	TP53BP1	UNKNOWN	FAM	NFQ-MGB							29.983	29.983						VERO	0.043	VERO	1	45		80.573			N	N	N	N	N	N		
361	P1	FALSO	SA77 DUAL OECD93	TP63	UNKNOWN	FAM	NFQ-MGB							Undetermined							VERO	0.200	VERO	1	45		61.109			N	Y	Y	N	N	Y		
362	P2	FALSO	SA77 DUAL OECD93	TSHR	UNKNOWN	FAM	NFQ-MGB							Undetermined							VERO	0.200	VERO	1	45		62.819			N	Y	Y	N	N	Y		
363	P3	FALSO	SA77 DUAL OECD93	TWIST1	UNKNOWN	FAM	NFQ-MGB							35.062	35.062						VERO	0.080	VERO	1	45		75.049			N	N	N	N	N	N		
364	P4	FALSO	SA77 DUAL OECD93	VCAM1	UNKNOWN	FAM	NFQ-MGB							Undetermined							VERO	0.200	VERO	1	45		75.181	61.109	70.447	Y	Y	Y	N	N	Y		
365	P5	FALSO	SA77 DUAL OECD93	VEGFA	UNKNOWN	FAM	NFQ-MGB							34.183	34.183						VERO	0.040	VERO	1	45		76.891			N	N	N	N	N	Y		
366	P6	FALSO	SA77 DUAL OECD93	VEGFB	UNKNOWN	FAM	NFQ-MGB							29.932	29.932						VERO	0.055	VERO	1	45		80.310			N	N	N	N	N	N		
367	P7	FALSO	SA77 DUAL OECD93	VEGFC	UNKNOWN	FAM	NFQ-MGB							Undetermined							VERO	0.200	VERO	1	45		61.109			N	Y	Y	N	N	Y		
368	P8	FALSO	SA77 DUAL OECD93	VIM	UNKNOWN	FAM	NFQ-MGB							35.739	35.739						VERO	0.080	VERO	1	45		79.915			N	N	N	N	N	N		
369	P9	FALSO	SA77 DUAL OECD93	WNT1	UNKNOWN	FAM	NFQ-MGB							Undetermined							VERO	0.200	VERO	1	45		78.206	61.109	91.225	Y	Y	N	N	N	Y		
370	P10	FALSO	SA77 DUAL OECD93	WNT2	UNKNOWN	FAM	NFQ-MGB							Undetermined							VERO	0.200	VERO	1	45		75.838	66.238	79.652	Y	Y	Y	N	N	Y		
371	P11	FALSO	SA77 DUAL OECD93	WNT5A	UNKNOWN	FAM	NFQ-MGB							41.098	41.098						VERO	0.040	VERO	1	45		78.206	65.186		Y	N	N	N	N	Y		
372	P12	FALSO	SA77 DUAL OECD93	WNT7A	UNKNOWN	FAM	NFQ-MGB							35.837	35.837						VERO	0.093	VERO	1	45		83.203			N	N	N	Y	N	N		
373	P13	FALSO	SA77 DUAL OECD93	WT1	UNKNOWN	FAM	NFQ-MGB							33.187	33.187						VERO	0.087	VERO	1	45		79.258			N	N	N	Y	Y	N		
374	P14	FALSO	SA77 DUAL OECD93	XIAP	UNKNOWN	FAM	NFQ-MGB							Undetermined							VERO	0.200	VERO	1	45		61.767			N	N	N	Y	N	Y		
375	P15	FALSO	SA77 DUAL OECD93	YAP1	UNKNOWN	FAM	NFQ-MGB							27.152	27.152						VERO	0.064	VERO	1	45		80.836			N	N	N	N	N	N		
376	P16	FALSO	SA77 DUAL OECD93	ZEB1	UNKNOWN	FAM	NFQ-MGB							36.331	36.331						VERO	0.078	VERO	1	45		77.022			N	N	N	N	N	N		
377	P17	FALSO	SA77 DUAL OECD93	ZEB2	UNKNOWN	FAM	NFQ-MGB							Undetermined							VERO	0.200	VERO	1	45		61.372	89.121	86.491	Y	Y	Y	N	N	Y		
378	P18	FALSO	SA77 DUAL OECD93	GAPDH	UNKNOWN	FAM	NFQ-MGB							19.155	19.155						VERO	0.040	VERO	1	45		82.545			N	N	N	Y	Y	Y		
379	P19	FALSO	SA77 DUAL OECD93	HPRT1	UNKNOWN	FAM	NFQ-MGB							23.992	23.992						VERO	0.063	VERO	1	45		77.022			N	N	N	N	N	N		
380	P20	FALSO	SA77 DUAL OECD93	RPL13	UNKNOWN	FAM	NFQ-MGB							22.395	22.395						VERO	0.091	VERO	1	45		82.019			N	N	N	Y	Y	N		
381	P21	FALSO	SA77 DUAL OECD93	RPL7	UNKNOWN	FAM	NFQ-MGB							21.119	21.119						VERO	0.087	VERO	1	45		77.943			N	N	N	Y	Y	N		
382	P22	FALSO	SA77 DUAL OECD93	HGDC	UNKNOWN	FAM	NFQ-MGB							31.100	31.100						VERO	0.044	VERO	1	45		76.365			N	N	N	N	Y	N		
383	P23	FALSO	SA77 DUAL OECD93	QIC	UNKNOWN	FAM	NFQ-MGB							39.921	39.921						VERO	0.096	VERO	1	45		75.181			N	N	N	N	Y	N		
384	P24	FALSO	SA77 DUAL OECD93	PPC	UNKNOWN	FAM	NFQ-MGB							18.957	18.957						VERO	0.069	VERO	1	45		80.704			N	N	N	N	N	N		