Well	Well Position	Omit	Sample Name	Target Name	Task	Reporter	Quencher	Quantity	Quantity Mean	Quantity SD	RQ	RQ Min	RQ Max	CT	Ct Mean	Ct SD	Delta Ct	Delta Ct Mean	Delta Ct SE	Delta Delta Ct	Automatic Ct Threshold	Ct Threshold	Automatic Baseline	Baseline Start	Baseline End	Comments	Tm1	Tm2	Tm3	MTP	EXPFAIL	NOAMP	THOLDFAIL		
1	A1	FALSO	8505 ut	ACTB	UNKNOWN	SYBR	None							17.318	17.318						VERO	0.096	VERO	1	40		82.534			N	N	N	N		
2	A2	FALSO	8505 ut	CCL15	UNKNOWN	SYBR	None							38.297	38.297						VERO	0.04	VERO	1	40		74.384			N	N	N	Y		
3	A3	FALSO	8505 ut	CCL26	UNKNOWN	SYBR	None							30.361	30.361						VERO	0.104	VERO	1	40		83.191			N	N	N	N		
4	A4	FALSO	8505 ut	CCR3	UNKNOWN	SYBR	None							Undetermined							VERO	0.2	VERO	1	40		61.371			N	Y	Y	Y		
5	A5	FALSO	8505 ut	CSF3	UNKNOWN	SYBR	None							27.941	27.941						VERO	0.131	VERO	1	40		71.887			N	N	N	N		
6	A6	FALSO	8505 ut	CXCL2	UNKNOWN	SYBR	None							24.732	24.732						VERO	0.153	VERO	1	40		73.99			N	N	N	N		
7	A7	FALSO	8505 ut	GUSB	UNKNOWN	SYBR	None							22.718	22.718						VERO	0.133	VERO	1	40		80.694			N	N	N	N		
8	A8	FALSO	8505 ut	IL17A	UNKNOWN	SYBR	None							38.176	38.176						VERO	0.04	VERO	1	40		71.492			N	N	N	Y		
9	A9	FALSO	8505 ut	IL27	UNKNOWN	SYBR	None							Undetermined							VERO	0.2	VERO	1	40		61.108			N	Y	Y	Y		
10	A10	FALSO	8505 ut	IL9R	UNKNOWN	SYBR	None							Undetermined							VERO	0.2	VERO	1	40		66.629			N	Y	Y	Y		
11	A11	FALSO	8505 ut	TNF	UNKNOWN	SYBR	None							27.379	27.379						VERO	0.131	VERO	1	40		85.557			N	N	N	N		
12	A12	FALSO	8505 ut	TBP	UNKNOWN	SYBR	None							22.815	22.815						VERO	0.137	VERO	1	40		82.928			N	N	N	N		
13	A13	FALSO	8505 overgal3	ACTB	UNKNOWN	SYBR	None							22.335	22.335						VERO	0.096	VERO	1	40		82.402			N	N	N	N		
14	A14	FALSO	8505 overgal3	CCL15	UNKNOWN	SYBR	None							37.007	37.007						VERO	0.04	VERO	1	40		74.253			N	N	N	Y		
15	A15	FALSO	8505 overgal3	CCL26	UNKNOWN	SYBR	None							33.011	33.011						VERO	0.104	VERO	1	40		82.928			N	N	N	N		
16	A16	FALSO	8505 overgal3	CCR3	UNKNOWN	SYBR	None							Undetermined							VERO	0.2	VERO	1	40		66.497			N	Y	Y	Y		
17	A17	FALSO	8505 overgal3	CSF3	UNKNOWN	SYBR	None							Undetermined							VERO	0.131	VERO	1	40		66.234			N	Y	Y	N		
18	A18	FALSO	8505 overgal3	CXCL2	UNKNOWN	SYBR	None							28.893	28.893						VERO	0.153	VERO	1	40		73.727			N	N	N	N		
19	A19	FALSO	8505 overgal3	GUSB	UNKNOWN	SYBR	None							28.049	28.049						VERO	0.133	VERO	1	40		80.168			N	N	N	N		
20	A20	FALSO	8505 overgal3	IL17A	UNKNOWN	SYBR	None							Undetermined							VERO	0.04	VERO	1	40		70.835			N	Y	Y	Y		
21	A21	FALSO	8505 overgal3	IL27	UNKNOWN	SYBR	None							Undetermined							VERO	0.2	VERO	1	40		61.634			N	Y	Y	Y		
22	A22	FALSO	8505 overgal3	IL9R	UNKNOWN	SYBR	None							Undetermined							VERO	0.2	VERO	1	40		66.497			N	Y	Y	Y		
23	A23	FALSO	8505 overgal3	TNF	UNKNOWN	SYBR	None							35.011	35.011						VERO	0.131	VERO	1	40		84.769			N	N	N	N		
24	A24	FALSO	8505 overgal3	TBP	UNKNOWN	SYBR	None							29.245	29.245						VERO	0.137	VERO	1	40		82.534			N	N	N	N		
25	B1	FALSO	8505 ut	AIMP1	UNKNOWN	SYBR	None							21.178	21.178						VERO	0.162	VERO	1	40		79.905			N	N	N	N		
26	B2	FALSO	8505 ut	CCL16	UNKNOWN	SYBR	None							Undetermined							VERO	0.2	VERO	1	40		65.972			N	Y	Y	Y		
27	B3	FALSO	8505 ut	CCL3	UNKNOWN	SYBR	None							32.696	32.696						VERO	0.091	VERO	1	40		81.351			N	N	N	N		
28	B4	FALSO	8505 ut	CCR4	UNKNOWN	SYBR	None							31.07	31.07						VERO	0.125	VERO	1	40		85.031			N	N	N	N		
29	B5	FALSO	8505 ut	CX3CL1	UNKNOWN	SYBR	None							35.534	35.534						VERO	0.3	VERO	1	40		86.083			N	N	N	N		
30	B6	FALSO	8505 ut	CXCL3	UNKNOWN	SYBR	None							30.742	30.742						VERO	0.04	VERO	1	40		80.957			N	N	N	Y		
31	B7	FALSO	8505 ut	IFNA2	UNKNOWN	SYBR	None							33.572	33.572						VERO	0.294	VERO	1	40		75.304			N	N	N	N		
32	B8	FALSO	8505 ut	IL17C	UNKNOWN	SYBR	None							Undetermined							VERO	0.2	VERO	1	40		61.108			N	Y	Y	Y		
33	B9	FALSO	8505 ut	IL3	UNKNOWN	SYBR	None							Undetermined							VERO	0.2	VERO	1	40		61.108			N	Y	Y	Y		
34	B10	FALSO	8505 ut	LTA	UNKNOWN	SYBR	None							31.168	31.168						VERO	0.124	VERO	1	40		83.717			N	N	N	N		
35	B11	FALSO	8505 ut	TNFRSF11	UNKNOWN	SYBR	None							27.815	27.815						VERO	0.133	VERO	1	40		80.694			N	N	N	N		
36	B12	FALSO	8505 ut	GAPDH	UNKNOWN	SYBR	None							13.923	13.923						VERO	0.122	VERO	1	40		86.214			N	N	N	N		
37	B13	FALSO	8505 overgal3	AIMP1	UNKNOWN	SYBR	None							25.342	25.342						VERO	0.162	VERO	1	40		79.642			N	N	N	N		
38	B14	FALSO	8505 overgal3	CCL16	UNKNOWN	SYBR	None							Undetermined							VERO	0.2	VERO	1	40		66.366			N	Y	Y	Y		
39	B15	FALSO	8505 overgal3	CCL3	UNKNOWN	SYBR	None							Undetermined							VERO	0.091	VERO	1	40		66.76			N	Y	Y	N		
40	B16	FALSO	8505 overgal3	CCR4	UNKNOWN	SYBR	None							Undetermined							VERO	0.125	VERO	1	40		61.371			N	Y	Y	N		
41	B17	FALSO	8505 overgal3	CX3CL1	UNKNOWN	SYBR	None							Undetermined							VERO	0.3	VERO	1	40		67.286			N	Y	Y	N		
42	B18	FALSO	8505 overgal3	CXCL3	UNKNOWN	SYBR	None							35.649	35.649						VERO	0.04	VERO	1	40		80.562			N	N	N	Y		
43	B19	FALSO	8505 overgal3	IFNA2	UNKNOWN	SYBR	None							Undetermined							VERO	0.294	VERO	1	40		66.366			N	Y	Y	N		
44	B20	FALSO	8505 overgal3	IL17C	UNKNOWN	SYBR	None							Undetermined							VERO	0.2	VERO	1	40		61.108			N	Y	Y	Y		
45	B21	FALSO	8505 overgal3	IL3	UNKNOWN	SYBR	None							Undetermined							VERO	0.2	VERO	1	40		61.502			N	Y	Y	Y		
46	B22	FALSO	8505 overgal3	LTA	UNKNOWN	SYBR	None							Undetermined							VERO	0.124	VERO	1	40		60.845			N	Y	Y	N		
47	B23	FALSO	8505 overgal3	TNFRSF11	UNKNOWN	SYBR	None							Undetermined							VERO	0.133	VERO	1	40		66.497			N	Y	Y	N		
48	B24	FALSO	8505 overgal3	GAPDH	UNKNOWN	SYBR	None							20.519	20.519						VERO	0.122	VERO	1	40		85.689			N	N	N	N		
49	C1	FALSO	8505 ut	B2M	UNKNOWN	SYBR	None							17.136	17.136						VERO	0.144	VERO	1	40		82.534			N	N	N	N		
50	C2	FALSO	8505 ut	CCL17	UNKNOWN	SYBR	None							Undetermined							VERO	0.2	VERO	1	40		66.234			N	Y	Y	Y		
51	C3	FALSO	8505 ut	CCL4	UNKNOWN	SYBR	None							Undetermined							VERO	0.083	VERO	1	40		61.239			N	Y	Y	N		
52	C4	FALSO	8505 ut	CCR5	UNKNOWN	SYBR	None							Undetermined							VERO	0.2	VERO	1	40		61.371			N	Y	Y	Y		
53	C5	FALSO	8505 ut	CX3CR1	UNKNOWN	SYBR	None							Undetermined							VERO	0.132	VERO	1	40		61.371			N	Y	Y	N		
54	C6	FALSO	8505 ut	CXCL5	UNKNOWN	SYBR	None							Undetermined							VERO	0.2	VERO	1	40		66.892			N	Y	Y	Y		
55	C7	FALSO	8505 ut	IFNG	UNKNOWN	SYBR	None							Undetermined							VERO	0.04	VERO	1	40		61.371			N	Y	Y	Y		
56	C8	FALSO	8505 ut	IL17F	UNKNOWN	SYBR	None							Undetermined							VERO	0.04	VERO	1	40		67.023			N	Y	Y	Y		
57	C9	FALSO	8505 ut	IL33	UNKNOWN	SYBR	None							27.672	27.672						VERO	0.14	VERO	1	40		81.745			N	N	N	N		
58	C10	FALSO	8505 ut	LTB	UNKNOWN	SYBR	None							35.586	35.586						VERO	0.235	VERO	1	40		91.735			N	N	N	N		
59	C11	FALSO	8505 ut	TNFSF10	UNKNOWN	SYBR	None							28.348	28.348						VERO	0.134	VERO	1	40		83.586			N	N	N	N		
60	C12	FALSO	8505 ut	HPRT1	UNKNOWN	SYBR	None							19.982	19.982						VERO	0.136	VERO	1	40		82.14			N	N	N	N		
61	C13	FALSO	8505 overgal3	B2M	UNKNOWN	SYBR	None							22.888	22.888						VERO	0.144	VERO	1	40		82.271			N	N	N	N		
62	C14	FALSO	8505 overgal3	CCL17	UNKNOWN	SYBR	None							Undetermined							VERO	0.2	VERO	1	40		67.023			N	Y	Y	Y		
63	C15	FALSO	8505 overgal3	CCL4	UNKNOWN	SYBR	None							Undetermined							VERO	0.083	VERO	1	40		61.371			N	Y	Y	N		
64	C16	FALSO	8505 overgal3	CCR5	UNKNOWN	SYBR	None							Undetermined							VERO	0.2	VERO	1	40		61.239			N	Y	Y	Y		
65	C17	FALSO	8505 overgal3	CX3CR1	UNKNOWN	SYBR	None							Undetermined							VERO	0.132	VERO	1	40		66.366			N	Y	Y	N		
66	C18	FALSO	8505 overgal3	CXCL5	UNKNOWN	SYBR	None							Undetermined							VERO	0.2	VERO	1	40		66.76			N	Y	Y	Y		
67	C19	FALSO	8505 overgal3	IFNG	UNKNOWN	SYBR	None							36.661	36.661						VERO	0.04	VERO	1	40		74.516			N	N	N	Y		
68	C20	FALSO	8505 overgal3	IL17F	UNKNOWN	SYBR	None							38.676	38.676						VERO	0.04	VERO	1	40		73.201			N	N	N	Y		
69	C21	FALSO	8505 overgal3	IL33	UNKNOWN	SYBR	None							Undetermined							VERO	0.14	VERO	1	40		66.892			N	Y	Y	N		
70	C22	FALSO	8505 overgal3	LTB	UNKNOWN	SYBR	None							Undetermined							VERO	0.235	VERO	1	40		61.634			N	Y	Y	N		
71	C23	FALSO	8505 overgal3	TNFSF10	UNKNOWN	SYBR	None							Undetermined							VERO	0.134	VERO	1	40		62.422			N	Y	Y	N		
72	C24	FALSO	8505 overgal3	HPRT1	UNKNOWN	SYBR	None							24.203	24.203						VERO	0.136	VERO	1	40		81.745			N	N	N	N		
73	D1	FALSO	8505 ut	BMP2	UNKNOWN	SYBR	None							30.49	30.49						VERO	0.089	VERO	1	40		87.003			N	N	N	N		
74	D2	FALSO	8505 ut	CCL2	UNKNOWN	SYBR	None							22.526	22.526						VERO	0.111	VERO	1	40		87.135			N	N	N	N		
75	D3	FALSO	8505 ut	CCL5	UNKNOWN	SYBR	None							31.099	31.099						VERO	0.136	VERO	1	40		84.9			N	N	N	N		
76	D4	FALSO	8505 ut	CCR6	UNKNOWN	SYBR	None							32.925	32.925						VERO	0.131	VERO	1	40		81.482			N	N	N	N		
77	D5	FALSO	8505 ut	CXCL1	UNKNOWN	SYBR	None							19.922	19.922						VERO	0.132	VERO	1	40		79.379			N	N	N	N		
78	D6	FALSO	8505 ut	CXCL6	UNKNOWN	SYBR	None							Undetermined							VERO	0.04	VERO	1	40		72.15			N	N	N	Y		
79	D7	FALSO	8505 ut	IL10RA	UNKNOWN	SYBR	None							33.86	33.86						VERO	0.117	VERO	1	40		81.614			N	N	N	N		
80	D8	FALSO	8505 ut	IL1A	UNKNOWN	SYBR	None							22.852	22.852						VERO	0.131	VERO	1	40		83.717			N	N	N	N		
81	D9	FALSO	8505 ut	IL5	UNKNOWN	SYBR	None							Undetermined							VERO	0.127	VERO	1	40		61.239			N	Y	Y	N		
82	D10	FALSO	8505 ut	MIF	UNKNOWN	SYBR	None							17.97	17.97						VERO	0.123	VERO	1	40		86.083			N	N	N	N		
83	D11	FALSO	8505 ut	TNFSF11	UNKNOWN	SYBR	None							Undetermined							VERO	0.2	VERO	1	40		67.286			N	Y	Y	Y		
84	D12	FALSO	8505 ut	gDNA	UNKNOWN	SYBR	None							Undetermined							VERO	0.2	VERO	1	40		61.371			N	Y	Y	Y		
85	D13	FALSO	8505 overgal3	BMP2	UNKNOWN	SYBR	None							Undetermined							VERO	0.089	VERO	1	40		67.155			N	Y	Y	N		
86	D14	FALSO	8505 overgal3	CCL2	UNKNOWN	SYBR	None							29.065	29.065						VERO	0.111	VERO	1	40		86.609			N	N	N	N		
87	D15	FALSO	8505 overgal3	CCL5	UNKNOWN	SYBR	None							Undetermined							VERO	0.136	VERO	1	40		67.023			N	Y	Y	N		
88	D16	FALSO	8505 overgal3	CCR6	UNKNOWN	SYBR	None							Undetermined							VERO	0.131	VERO	1	40		66.629			N	Y	Y	N		
89	D17	FALSO	8505 overgal3	CXCL1	UNKNOWN	SYBR	None							23.96	23.96						VERO	0.132	VERO	1	40		79.116			N	N	N	N		
90	D18	FALSO	8505 overgal3	CXCL6	UNKNOWN	SYBR	None							36.394	36.394						VERO	0.04	VERO	1	40		71.755			N	N	N	Y		
91	D19	FALSO	8505 overgal3	IL10RA	UNKNOWN	SYBR	None							Undetermined							VERO	0.117	VERO	1	40		67.68			N	Y	Y	N		
92	D20	FALSO	8505 overgal3	IL1A	UNKNOWN	SYBR	None							29.927	29.927						VERO	0.131	VERO	1	40		83.323			N	N	N	N		
93	D21	FALSO	8505 overgal3	IL5	UNKNOWN	SYBR	None							Undetermined							VERO	0.127	VERO	1	40		67.023			N	Y	Y	N		
94	D22	FALSO	8505 overgal3	MIF	UNKNOWN	SYBR	None							24.262	24.262						VERO	0.123	VERO	1	40		85.557			N	N	N	N		
95	D23	FALSO	8505 overgal3	TNFSF11	UNKNOWN	SYBR	None							Undetermined							VERO	0.2	VERO	1	40		65.446			N	Y	Y	Y		
96	D24	FALSO	8505 overgal3	gDNA	UNKNOWN	SYBR	None							Undetermined							VERO	0.2	VERO	1	40		61.502			N	Y	Y	Y		
97	E1	FALSO	8505 ut	C5	UNKNOWN	SYBR	None							28.538	28.538						VERO	0.133	VERO	1	40		78.459			N	N	N	N		
98	E2	FALSO	8505 ut	CCL20	UNKNOWN	SYBR	None							26.435	26.435						VERO	0.141	VERO	1	40		84.769			N	N	N	N		
99	E3	FALSO	8505 ut	CCL7	UNKNOWN	SYBR	None							34.401	34.401						VERO	0.307	VERO	1	40		85.031			N	N	N	N		
100	E4	FALSO	8505 ut	CCR8	UNKNOWN	SYBR	None							Undetermined							VERO	0.2	VERO	1	40		67.023			N	Y	Y	Y		
101	E5	FALSO	8505 ut	CXCL10	UNKNOWN	SYBR	None							35.34	35.34						VERO	0.363	VERO	1	40		81.877			N	N	N	N		
102	E6	FALSO	8505 ut	CXCL9	UNKNOWN	SYBR	None							Undetermined							VERO	0.2	VERO	1	40		60.845			N	Y	Y	Y		
103	E7	FALSO	8505 ut	IL10RB	UNKNOWN	SYBR	None							28.304	28.304						VERO	0.151	VERO	1	40		79.248			N	N	N	N		
104	E8	FALSO	8505 ut	IL1B	UNKNOWN	SYBR	None							21.405	21.405						VERO	0.141	VERO	1	40		85.294			N	N	N	N		
105	E9	FALSO	8505 ut	IL5RA	UNKNOWN	SYBR	None							Undetermined							VERO	0.2	VERO	1	40		61.239			N	Y	Y	Y		
106	E10	FALSO	8505 ut	NAMPT	UNKNOWN	SYBR	None							20.896	20.896						VERO	0.127	VERO	1	40		77.802			N	N	N	N		
107	E11	FALSO	8505 ut	TNFSF13	UNKNOWN	SYBR	None							28.883	28.883						VERO	0.04	VERO	1	40		87.529			N	N	N	Y		
108	E12	FALSO	8505 ut	PCR	UNKNOWN	SYBR	None							19.626	19.626						VERO	0.137	VERO	1	40		78.591			N	N	N	N		
109	E13	FALSO	8505 overgal3	C5	UNKNOWN	SYBR	None							32.546	32.546						VERO	0.133	VERO	1	40		78.065			N	N	N	N		
110	E14	FALSO	8505 overgal3	CCL20	UNKNOWN	SYBR	None							33.316	33.316						VERO	0.141	VERO	1	40		84.637			N	N	N	N		
111	E15	FALSO	8505 overgal3	CCL7	UNKNOWN	SYBR	None							Undetermined							VERO	0.307	VERO	1	40		60.976			N	Y	Y	N		
112	E16	FALSO	8505 overgal3	CCR8	UNKNOWN	SYBR	None							Undetermined							VERO	0.2	VERO	1	40		67.023			N	Y	Y	Y		
113	E17	FALSO	8505 overgal3	CXCL10	UNKNOWN	SYBR	None							Undetermined							VERO	0.363	VERO	1	40		67.286			N	Y	N	N		
114	E18	FALSO	8505 overgal3	CXCL9	UNKNOWN	SYBR	None							Undetermined							VERO	0.2	VERO	1	40		66.892			N	Y	Y	Y		
115	E19	FALSO	8505 overgal3	IL10RB	UNKNOWN	SYBR	None							32.479	32.479						VERO	0.151	VERO	1	40		78.722			N	N	N	N		
116	E20	FALSO	8505 overgal3	IL1B	UNKNOWN	SYBR	None							29.333	29.333						VERO	0.141	VERO	1	40		84.9			N	N	N	N		
117	E21	FALSO	8505 overgal3	IL5RA	UNKNOWN	SYBR	None							Undetermined							VERO	0.2	VERO	1	40		61.108			N	Y	Y	Y		
118	E22	FALSO	8505 overgal3	NAMPT	UNKNOWN	SYBR	None							26.212	26.212						VERO	0.127	VERO	1	40		77.407			N	N	N	N		
119	E23	FALSO	8505 overgal3	TNFSF13	UNKNOWN	SYBR	None							34.003	34.003						VERO	0.04	VERO	1	40		87.003			N	N	N	Y		
120	E24	FALSO	8505 overgal3	PCR	UNKNOWN	SYBR	None							20.659	20.659						VERO	0.137	VERO	1	40		78.065			N	N	N	N		
121	F1	FALSO	8505 ut	CCL1	UNKNOWN	SYBR	None							Undetermined							VERO	0.2	VERO	1	40		61.502			N	Y	Y	Y		
122	F2	FALSO	8505 ut	CCL22	UNKNOWN	SYBR	None							Undetermined							VERO	0.2	VERO	1	40		66.234			N	Y	Y	Y		
123	F3	FALSO	8505 ut	CCL8	UNKNOWN	SYBR	None							Undetermined							VERO	0.2	VERO	1	40		61.108			N	Y	Y	Y		
124	F4	FALSO	8505 ut	CD40LG	UNKNOWN	SYBR	None							Undetermined							VERO	0.2	VERO	1	40		60.976			N	Y	Y	Y		
125	F5	FALSO	8505 ut	CXCL11	UNKNOWN	SYBR	None							Undetermined							VERO	0.2	VERO	1	40		66.892			N	Y	N	Y		
126	F6	FALSO	8505 ut	CXCLR1	UNKNOWN	SYBR	None							Undetermined							VERO	0.2	VERO	1	40		61.108			N	Y	Y	Y		
127	F7	FALSO	8505 ut	IL13	UNKNOWN	SYBR	None							Undetermined							VERO	0.041	VERO	1	40		61.765			N	Y	Y	N		
128	F8	FALSO	8505 ut	IL1R1	UNKNOWN	SYBR	None							29.389	29.389						VERO	0.13	VERO	1	40		80.825			N	N	N	N		
129	F9	FALSO	8505 ut	IL7	UNKNOWN	SYBR	None							24.691	24.691						VERO	0.12	VERO	1	40		77.013			N	N	N	N		
130	F10	FALSO	8505 ut	OSM	UNKNOWN	SYBR	None							Undetermined							VERO	0.2	VERO	1	40		60.976			N	Y	Y	Y		
131	F11	FALSO	8505 ut	TNFSF13B	UNKNOWN	SYBR	None							31.829	31.829						VERO	0.215	VERO	1	40		81.877			N	N	N	N		
132	F12	FALSO	8505 ut	RQ1	UNKNOWN	SYBR	None							21.563	21.563						VERO	0.128	VERO	1	40		83.06			N	N	N	N		
133	F13	FALSO	8505 overgal3	CCL1	UNKNOWN	SYBR	None							Undetermined							VERO	0.2	VERO	1	40		61.108			N	Y	Y	Y		
134	F14	FALSO	8505 overgal3	CCL22	UNKNOWN	SYBR	None							Undetermined							VERO	0.2	VERO	1	40		68.075			N	Y	Y	Y		
135	F15	FALSO	8505 overgal3	CCL8	UNKNOWN	SYBR	None							Undetermined							VERO	0.2	VERO	1	40		66.892			N	Y	Y	Y		
136	F16	FALSO	8505 overgal3	CD40LG	UNKNOWN	SYBR	None							Undetermined							VERO	0.2	VERO	1	40		66.76			N	Y	Y	Y		
137	F17	FALSO	8505 overgal3	CXCL11	UNKNOWN	SYBR	None							Undetermined							VERO	0.2	VERO	1	40		67.549			N	Y	Y	Y		
138	F18	FALSO	8505 overgal3	CXCLR1	UNKNOWN	SYBR	None							Undetermined							VERO	0.2	VERO	1	40		66.76			N	Y	Y	Y		
139	F19	FALSO	8505 overgal3	IL13	UNKNOWN	SYBR	None							Undetermined							VERO	0.041	VERO	1	40		67.286			N	Y	Y	N		
140	F20	FALSO	8505 overgal3	IL1R1	UNKNOWN	SYBR	None							34.574	34.574						VERO	0.13	VERO	1	40		80.299			N	N	N	N		
141	F21	FALSO	8505 overgal3	IL7	UNKNOWN	SYBR	None							29.184	29.184						VERO	0.12	VERO	1	40		76.619			N	N	N	N		
142	F22	FALSO	8505 overgal3	OSM	UNKNOWN	SYBR	None							Undetermined							VERO	0.2	VERO	1	40		66.629			N	Y	Y	Y		
143	F23	FALSO	8505 overgal3	TNFSF13B	UNKNOWN	SYBR	None							34.748	34.748						VERO	0.215	VERO	1	40		81.351			N	N	N	N		
144	F24	FALSO	8505 overgal3	RQ1	UNKNOWN	SYBR	None							26.95	26.95						VERO	0.128	VERO	1	40		82.534			N	N	N	N		
145	G1	FALSO	8505 ut	CCl11	UNKNOWN	SYBR	None							Undetermined							VERO	0.2	VERO	1	40		65.577			N	Y	Y	Y		
146	G2	FALSO	8505 ut	CCL23	UNKNOWN	SYBR	None							Undetermined							VERO	0.2	VERO	1	40		61.371			N	Y	Y	Y		
147	G3	FALSO	8505 ut	CCR1	UNKNOWN	SYBR	None							Undetermined							VERO	0.2	VERO	1	40		61.371			N	Y	Y	Y		
148	G4	FALSO	8505 ut	CSF1	UNKNOWN	SYBR	None							27.505	27.505						VERO	0.133	VERO	1	40		78.459			N	N	N	N		
149	G5	FALSO	8505 ut	CXCL12	UNKNOWN	SYBR	None							Undetermined							VERO	0.2	VERO	1	40		60.976			N	Y	Y	Y		
150	G6	FALSO	8505 ut	CXCR2	UNKNOWN	SYBR	None							Undetermined							VERO	0.2	VERO	1	40		61.765			N	Y	Y	Y		
151	G7	FALSO	8505 ut	IL15	UNKNOWN	SYBR	None							24.412	24.412						VERO	0.138	VERO	1	40		77.276			N	N	N	N		
152	G8	FALSO	8505 ut	IL1RN	UNKNOWN	SYBR	None							35.491	35.491						VERO	0.288	VERO	1	40		82.402			N	N	N	N		
153	G9	FALSO	8505 ut	IL8	UNKNOWN	SYBR	None							21.324	21.324						VERO	0.129	VERO	1	40		80.825			N	N	N	N		
154	G10	FALSO	8505 ut	RPLP0	UNKNOWN	SYBR	None							16.569	16.569						VERO	0.124	VERO	1	40		82.797			N	N	N	N		
155	G11	FALSO	8505 ut	TNFSF4	UNKNOWN	SYBR	None							27.283	27.283						VERO	0.097	VERO	1	40		79.379			N	N	N	N		
156	G12	FALSO	8505 ut	RQ2	UNKNOWN	SYBR	None							21.473	21.473						VERO	0.151	VERO	1	40		83.454			N	N	N	N		
157	G13	FALSO	8505 overgal3	CCl11	UNKNOWN	SYBR	None							Undetermined							VERO	0.2	VERO	1	40		67.155			N	Y	Y	Y		
158	G14	FALSO	8505 overgal3	CCL23	UNKNOWN	SYBR	None							Undetermined							VERO	0.2	VERO	1	40		66.234			N	Y	Y	Y		
159	G15	FALSO	8505 overgal3	CCR1	UNKNOWN	SYBR	None							Undetermined							VERO	0.2	VERO	1	40		61.371			N	Y	Y	Y		
160	G16	FALSO	8505 overgal3	CSF1	UNKNOWN	SYBR	None							30.775	30.775						VERO	0.133	VERO	1	40		78.065			N	N	N	N		
161	G17	FALSO	8505 overgal3	CXCL12	UNKNOWN	SYBR	None							Undetermined							VERO	0.2	VERO	1	40		61.239			N	Y	Y	Y		
162	G18	FALSO	8505 overgal3	CXCR2	UNKNOWN	SYBR	None							Undetermined							VERO	0.2	VERO	1	40		67.68			N	Y	Y	Y		
163	G19	FALSO	8505 overgal3	IL15	UNKNOWN	SYBR	None							28.654	28.654						VERO	0.138	VERO	1	40		76.882			N	N	N	N		
164	G20	FALSO	8505 overgal3	IL1RN	UNKNOWN	SYBR	None							Undetermined							VERO	0.288	VERO	1	40		60.714			N	Y	Y	N		
165	G21	FALSO	8505 overgal3	IL8	UNKNOWN	SYBR	None							26.347	26.347						VERO	0.129	VERO	1	40		80.431			N	N	N	N		
166	G22	FALSO	8505 overgal3	RPLP0	UNKNOWN	SYBR	None							24.8	24.8						VERO	0.124	VERO	1	40		82.402			N	N	N	N		
167	G23	FALSO	8505 overgal3	TNFSF4	UNKNOWN	SYBR	None							Undetermined							VERO	0.097	VERO	1	40		65.972			N	Y	Y	N		
168	G24	FALSO	8505 overgal3	RQ2	UNKNOWN	SYBR	None							34.325	34.325						VERO	0.151	VERO	1	40		83.06			N	N	N	N		
169	H1	FALSO	8505 ut	CCL13	UNKNOWN	SYBR	None							Undetermined							VERO	0.2	VERO	1	40		65.972			N	Y	Y	Y		
170	H2	FALSO	8505 ut	CCL24	UNKNOWN	SYBR	None							39.167	39.167						VERO	0.04	VERO	1	40		77.013			N	N	N	Y		
171	H3	FALSO	8505 ut	CCR2	UNKNOWN	SYBR	None							Undetermined							VERO	0.2	VERO	1	40		61.502			N	Y	Y	Y		
172	H4	FALSO	8505 ut	CSF2	UNKNOWN	SYBR	None							30.217	30.217						VERO	0.097	VERO	1	40		83.848			N	N	N	N		
173	H5	FALSO	8505 ut	CXCL13	UNKNOWN	SYBR	None							38.635	38.635						VERO	0.04	VERO	1	40		60.976			N	N	N	Y		
174	H6	FALSO	8505 ut	FASLG	UNKNOWN	SYBR	None							34.09	34.09						VERO	0.286	VERO	1	40		82.271			N	N	N	N		
175	H7	FALSO	8505 ut	IL16	UNKNOWN	SYBR	None							29.421	29.421						VERO	0.136	VERO	1	40		82.008			N	N	N	N		
176	H8	FALSO	8505 ut	IL21	UNKNOWN	SYBR	None							Undetermined							VERO	0.2	VERO	1	40		61.634			N	Y	Y	Y		
177	H9	FALSO	8505 ut	IL9	UNKNOWN	SYBR	None							Undetermined							VERO	0.2	VERO	1	40		61.502			N	Y	Y	Y		
178	H10	FALSO	8505 ut	SPP1	UNKNOWN	SYBR	None							27.64	27.64						VERO	0.139	VERO	1	40		82.14			N	N	N	N		
179	H11	FALSO	8505 ut	VEGFA	UNKNOWN	SYBR	None							25.46	25.46						VERO	0.131	VERO	1	40		83.586			N	N	N	N		
180	H12	FALSO	8505 ut	RT	UNKNOWN	SYBR	None							29.76	29.76						VERO	0.124	VERO	1	40		75.041			N	N	N	N		
181	H13	FALSO	8505 overgal3	CCL13	UNKNOWN	SYBR	None							Undetermined							VERO	0.2	VERO	1	40		68.863			N	Y	Y	Y		
182	H14	FALSO	8505 overgal3	CCL24	UNKNOWN	SYBR	None							Undetermined							VERO	0.04	VERO	1	40		61.371			N	Y	Y	Y		
183	H15	FALSO	8505 overgal3	CCR2	UNKNOWN	SYBR	None							Undetermined							VERO	0.2	VERO	1	40		67.943			N	Y	Y	Y		
184	H16	FALSO	8505 overgal3	CSF2	UNKNOWN	SYBR	None							Undetermined							VERO	0.097	VERO	1	40		62.948			N	Y	Y	N		
185	H17	FALSO	8505 overgal3	CXCL13	UNKNOWN	SYBR	None							Undetermined							VERO	0.04	VERO	1	40		69.126			N	Y	Y	Y		
186	H18	FALSO	8505 overgal3	FASLG	UNKNOWN	SYBR	None							Undetermined							VERO	0.286	VERO	1	40		61.371			N	Y	Y	N		
187	H19	FALSO	8505 overgal3	IL16	UNKNOWN	SYBR	None							Undetermined							VERO	0.136	VERO	1	40		66.76			N	Y	Y	N		
188	H20	FALSO	8505 overgal3	IL21	UNKNOWN	SYBR	None							Undetermined							VERO	0.2	VERO	1	40		67.023			N	Y	N	Y		
189	H21	FALSO	8505 overgal3	IL9	UNKNOWN	SYBR	None							Undetermined							VERO	0.2	VERO	1	40		61.239			N	Y	Y	Y		
190	H22	FALSO	8505 overgal3	SPP1	UNKNOWN	SYBR	None							32.617	32.617						VERO	0.139	VERO	1	40		81.614			N	N	N	N		
191	H23	FALSO	8505 overgal3	VEGFA	UNKNOWN	SYBR	None							33.715	33.715						VERO	0.131	VERO	1	40		83.06			N	N	N	N		
192	H24	FALSO	8505 overgal3	RT	UNKNOWN	SYBR	None							34.269	34.269						VERO	0.124	VERO	1	40		74.121			N	N	N	N		
193	I1	FALSO	8505 sh gal3	ACTB	UNKNOWN	SYBR	None							23.192	23.192						VERO	0.096	VERO	1	40		82.402			N	N	N	N		
194	I2	FALSO	8505 sh gal3	CCL15	UNKNOWN	SYBR	None							Undetermined							VERO	0.04	VERO	1	40		61.239			N	Y	Y	Y		
195	I3	FALSO	8505 sh gal3	CCL26	UNKNOWN	SYBR	None							Undetermined							VERO	0.104	VERO	1	40		61.502			N	Y	Y	N		
196	I4	FALSO	8505 sh gal3	CCR3	UNKNOWN	SYBR	None							Undetermined							VERO	0.2	VERO	1	40		66.76			N	Y	Y	Y		
197	I5	FALSO	8505 sh gal3	CSF3	UNKNOWN	SYBR	None							Undetermined							VERO	0.131	VERO	1	40		66.892			N	Y	Y	N		
198	I6	FALSO	8505 sh gal3	CXCL2	UNKNOWN	SYBR	None							31.483	31.483						VERO	0.153	VERO	1	40		73.727			N	N	N	N		
199	I7	FALSO	8505 sh gal3	GUSB	UNKNOWN	SYBR	None							30.268	30.268						VERO	0.133	VERO	1	40		80.562			N	N	N	N		
200	I8	FALSO	8505 sh gal3	IL17A	UNKNOWN	SYBR	None							35.776	35.776						VERO	0.04	VERO	1	40		71.361			N	N	N	Y		
201	I9	FALSO	8505 sh gal3	IL27	UNKNOWN	SYBR	None							Undetermined							VERO	0.2	VERO	1	40		61.897			N	Y	Y	Y		
202	I10	FALSO	8505 sh gal3	IL9R	UNKNOWN	SYBR	None							Undetermined							VERO	0.2	VERO	1	40		67.68			N	Y	Y	Y		
203	I11	FALSO	8505 sh gal3	TNF	UNKNOWN	SYBR	None							Undetermined							VERO	0.131	VERO	1	40		67.155			N	Y	Y	N		
204	I12	FALSO	8505 sh gal3	TBP	UNKNOWN	SYBR	None							30.56	30.56						VERO	0.137	VERO	1	40		82.665			N	N	N	N		
205	I13	FALSO	8505 gb1107 treated	ACTB	UNKNOWN	SYBR	None							20.294	20.294						VERO	0.096	VERO	1	40		82.271			N	N	N	N		
206	I14	FALSO	8505 gb1107 treated	CCL15	UNKNOWN	SYBR	None							Undetermined							VERO	0.04	VERO	1	40		63.605			N	Y	Y	Y		
207	I15	FALSO	8505 gb1107 treated	CCL26	UNKNOWN	SYBR	None							32.238	32.238						VERO	0.104	VERO	1	40		82.928			N	N	N	N		
208	I16	FALSO	8505 gb1107 treated	CCR3	UNKNOWN	SYBR	None							Undetermined							VERO	0.2	VERO	1	40		60.451			N	Y	Y	Y		
209	I17	FALSO	8505 gb1107 treated	CSF3	UNKNOWN	SYBR	None							32.367	32.367						VERO	0.131	VERO	1	40		71.229			N	N	N	N		
210	I18	FALSO	8505 gb1107 treated	CXCL2	UNKNOWN	SYBR	None							28.95	28.95						VERO	0.153	VERO	1	40		73.464			N	N	N	N		
211	I19	FALSO	8505 gb1107 treated	GUSB	UNKNOWN	SYBR	None							25.954	25.954						VERO	0.133	VERO	1	40		80.168			N	N	N	N		
212	I20	FALSO	8505 gb1107 treated	IL17A	UNKNOWN	SYBR	None							Undetermined							VERO	0.04	VERO	1	40		68.863			N	Y	N	Y		
213	I21	FALSO	8505 gb1107 treated	IL27	UNKNOWN	SYBR	None							Undetermined							VERO	0.2	VERO	1	40		68.338			N	Y	Y	Y		
214	I22	FALSO	8505 gb1107 treated	IL9R	UNKNOWN	SYBR	None							Undetermined							VERO	0.2	VERO	1	40		68.6			N	Y	Y	Y		
215	I23	FALSO	8505 gb1107 treated	TNF	UNKNOWN	SYBR	None							30.971	30.971						VERO	0.131	VERO	1	40		85.031			N	N	N	N		
216	I24	FALSO	8505 gb1107 treated	TBP	UNKNOWN	SYBR	None							26.159	26.159						VERO	0.137	VERO	1	40		82.534			N	N	N	N		
217	J1	FALSO	8505 sh gal3	AIMP1	UNKNOWN	SYBR	None							26.755	26.755						VERO	0.162	VERO	1	40		79.774			N	N	N	N		
218	J2	FALSO	8505 sh gal3	CCL16	UNKNOWN	SYBR	None							Undetermined							VERO	0.2	VERO	1	40		66.497			N	Y	Y	Y		
219	J3	FALSO	8505 sh gal3	CCL3	UNKNOWN	SYBR	None							Undetermined							VERO	0.091	VERO	1	40		62.16			N	Y	Y	N		
220	J4	FALSO	8505 sh gal3	CCR4	UNKNOWN	SYBR	None							Undetermined							VERO	0.125	VERO	1	40		61.108			N	Y	Y	N		
221	J5	FALSO	8505 sh gal3	CX3CL1	UNKNOWN	SYBR	None							Undetermined							VERO	0.3	VERO	1	40		61.239			N	Y	Y	N		
222	J6	FALSO	8505 sh gal3	CXCL3	UNKNOWN	SYBR	None							35.99	35.99						VERO	0.04	VERO	1	40		80.431			N	N	N	Y		
223	J7	FALSO	8505 sh gal3	IFNA2	UNKNOWN	SYBR	None							Undetermined							VERO	0.294	VERO	1	40		61.634			N	Y	Y	N		
224	J8	FALSO	8505 sh gal3	IL17C	UNKNOWN	SYBR	None							Undetermined							VERO	0.2	VERO	1	40		60.845			N	Y	Y	Y		
225	J9	FALSO	8505 sh gal3	IL3	UNKNOWN	SYBR	None							Undetermined							VERO	0.2	VERO	1	40		67.549			N	Y	Y	Y		
226	J10	FALSO	8505 sh gal3	LTA	UNKNOWN	SYBR	None							Undetermined							VERO	0.124	VERO	1	40		67.417			N	Y	Y	N		
227	J11	FALSO	8505 sh gal3	TNFRSF11	UNKNOWN	SYBR	None							34.201	34.201						VERO	0.133	VERO	1	40		80.299			N	N	N	N		
228	J12	FALSO	8505 sh gal3	GAPDH	UNKNOWN	SYBR	None							22.681	22.681						VERO	0.122	VERO	1	40		85.952			N	N	N	N		
229	J13	FALSO	8505 gb1107 treated	AIMP1	UNKNOWN	SYBR	None							23.927	23.927						VERO	0.162	VERO	1	40		79.511			N	N	N	N		
230	J14	FALSO	8505 gb1107 treated	CCL16	UNKNOWN	SYBR	None							Undetermined							VERO	0.2	VERO	1	40		69.126			N	Y	Y	Y		
231	J15	FALSO	8505 gb1107 treated	CCL3	UNKNOWN	SYBR	None							35.533	35.533						VERO	0.091	VERO	1	40		80.825			N	N	N	N		
232	J16	FALSO	8505 gb1107 treated	CCR4	UNKNOWN	SYBR	None							35.064	35.064						VERO	0.125	VERO	1	40		84.506			N	N	N	N		
233	J17	FALSO	8505 gb1107 treated	CX3CL1	UNKNOWN	SYBR	None							Undetermined							VERO	0.3	VERO	1	40		70.309			N	Y	Y	N		
234	J18	FALSO	8505 gb1107 treated	CXCL3	UNKNOWN	SYBR	None							33.772	33.772						VERO	0.04	VERO	1	40		80.431			N	N	N	Y		
235	J19	FALSO	8505 gb1107 treated	IFNA2	UNKNOWN	SYBR	None							Undetermined							VERO	0.294	VERO	1	40		68.469			N	Y	Y	N		
236	J20	FALSO	8505 gb1107 treated	IL17C	UNKNOWN	SYBR	None							Undetermined							VERO	0.2	VERO	1	40		67.549			N	Y	Y	Y		
237	J21	FALSO	8505 gb1107 treated	IL3	UNKNOWN	SYBR	None							Undetermined							VERO	0.2	VERO	1	40		62.16			N	Y	Y	Y		
238	J22	FALSO	8505 gb1107 treated	LTA	UNKNOWN	SYBR	None							34.273	34.273						VERO	0.124	VERO	1	40		83.191			N	N	N	N		
239	J23	FALSO	8505 gb1107 treated	TNFRSF11	UNKNOWN	SYBR	None							32.98	32.98						VERO	0.133	VERO	1	40		80.168			N	N	N	N		
240	J24	FALSO	8505 gb1107 treated	GAPDH	UNKNOWN	SYBR	None							17.75	17.75						VERO	0.122	VERO	1	40		85.689			N	N	N	N		
241	K1	FALSO	8505 sh gal3	B2M	UNKNOWN	SYBR	None							24.071	24.071						VERO	0.144	VERO	1	40		82.271			N	N	N	N		
242	K2	FALSO	8505 sh gal3	CCL17	UNKNOWN	SYBR	None							Undetermined							VERO	0.2	VERO	1	40		65.577			N	Y	Y	Y		
243	K3	FALSO	8505 sh gal3	CCL4	UNKNOWN	SYBR	None							Undetermined							VERO	0.083	VERO	1	40		61.502			N	Y	Y	N		
244	K4	FALSO	8505 sh gal3	CCR5	UNKNOWN	SYBR	None							Undetermined							VERO	0.2	VERO	1	40		61.371			N	Y	Y	Y		
245	K5	FALSO	8505 sh gal3	CX3CR1	UNKNOWN	SYBR	None							Undetermined							VERO	0.132	VERO	1	40		62.291			N	Y	Y	N		
246	K6	FALSO	8505 sh gal3	CXCL5	UNKNOWN	SYBR	None							Undetermined							VERO	0.2	VERO	1	40		79.379			N	Y	Y	Y		
247	K7	FALSO	8505 sh gal3	IFNG	UNKNOWN	SYBR	None							Undetermined							VERO	0.04	VERO	1	40		68.338			N	Y	Y	Y		
248	K8	FALSO	8505 sh gal3	IL17F	UNKNOWN	SYBR	None							Undetermined							VERO	0.04	VERO	1	40		73.464			N	Y	Y	Y		
249	K9	FALSO	8505 sh gal3	IL33	UNKNOWN	SYBR	None							Undetermined							VERO	0.14	VERO	1	40		76.356			N	N	N	N		
250	K10	FALSO	8505 sh gal3	LTB	UNKNOWN	SYBR	None							Undetermined							VERO	0.235	VERO	1	40		67.417			N	Y	Y	N		
251	K11	FALSO	8505 sh gal3	TNFSF10	UNKNOWN	SYBR	None							Undetermined							VERO	0.134	VERO	1	40		62.422			N	Y	Y	N		
252	K12	FALSO	8505 sh gal3	HPRT1	UNKNOWN	SYBR	None							24.238	24.238						VERO	0.136	VERO	1	40		81.877			N	N	N	N		
253	K13	FALSO	8505 gb1107 treated	B2M	UNKNOWN	SYBR	None							21.241	21.241						VERO	0.144	VERO	1	40		82.14			N	N	N	N		
254	K14	FALSO	8505 gb1107 treated	CCL17	UNKNOWN	SYBR	None							Undetermined							VERO	0.2	VERO	1	40		70.572			N	Y	Y	Y		
255	K15	FALSO	8505 gb1107 treated	CCL4	UNKNOWN	SYBR	None							35.597	35.597						VERO	0.083	VERO	1	40		80.957			N	N	N	N		
256	K16	FALSO	8505 gb1107 treated	CCR5	UNKNOWN	SYBR	None							Undetermined							VERO	0.2	VERO	1	40		68.995			N	Y	Y	Y		
257	K17	FALSO	8505 gb1107 treated	CX3CR1	UNKNOWN	SYBR	None							34.963	34.963						VERO	0.132	VERO	1	40		80.036			N	N	N	N		
258	K18	FALSO	8505 gb1107 treated	CXCL5	UNKNOWN	SYBR	None							Undetermined							VERO	0.2	VERO	1	40		68.732			N	Y	Y	Y		
259	K19	FALSO	8505 gb1107 treated	IFNG	UNKNOWN	SYBR	None							Undetermined							VERO	0.04	VERO	1	40		68.863			N	Y	Y	Y		
260	K20	FALSO	8505 gb1107 treated	IL17F	UNKNOWN	SYBR	None							Undetermined							VERO	0.04	VERO	1	40		68.469			N	Y	Y	Y		
261	K21	FALSO	8505 gb1107 treated	IL33	UNKNOWN	SYBR	None							32.335	32.335						VERO	0.14	VERO	1	40		81.219			N	N	N	N		
262	K22	FALSO	8505 gb1107 treated	LTB	UNKNOWN	SYBR	None							Undetermined							VERO	0.235	VERO	1	40		68.732			N	Y	Y	N		
263	K23	FALSO	8505 gb1107 treated	TNFSF10	UNKNOWN	SYBR	None							31.683	31.683						VERO	0.134	VERO	1	40		83.06			N	N	N	N		
264	K24	FALSO	8505 gb1107 treated	HPRT1	UNKNOWN	SYBR	None							23.292	23.292						VERO	0.136	VERO	1	40		81.745			N	N	N	N		
265	L1	FALSO	8505 sh gal3	BMP2	UNKNOWN	SYBR	None							Undetermined							VERO	0.089	VERO	1	40		66.103			N	Y	Y	N		
266	L2	FALSO	8505 sh gal3	CCL2	UNKNOWN	SYBR	None							32.123	32.123						VERO	0.111	VERO	1	40		86.609			N	N	N	N		
267	L3	FALSO	8505 sh gal3	CCL5	UNKNOWN	SYBR	None							Undetermined							VERO	0.136	VERO	1	40		60.976			N	Y	Y	N		
268	L4	FALSO	8505 sh gal3	CCR6	UNKNOWN	SYBR	None							Undetermined							VERO	0.131	VERO	1	40		66.629			N	Y	Y	N		
269	L5	FALSO	8505 sh gal3	CXCL1	UNKNOWN	SYBR	None							26.646	26.646						VERO	0.132	VERO	1	40		79.116			N	N	N	N		
270	L6	FALSO	8505 sh gal3	CXCL6	UNKNOWN	SYBR	None							Undetermined							VERO	0.04	VERO	1	40		71.887			N	Y	N	Y		
271	L7	FALSO	8505 sh gal3	IL10RA	UNKNOWN	SYBR	None							Undetermined							VERO	0.117	VERO	1	40		66.497			N	Y	Y	N		
272	L8	FALSO	8505 sh gal3	IL1A	UNKNOWN	SYBR	None							33.35	33.35						VERO	0.131	VERO	1	40		83.323			N	N	N	N		
273	L9	FALSO	8505 sh gal3	IL5	UNKNOWN	SYBR	None							Undetermined							VERO	0.127	VERO	1	40		66.76			N	Y	Y	N		
274	L10	FALSO	8505 sh gal3	MIF	UNKNOWN	SYBR	None							24.635	24.635						VERO	0.123	VERO	1	40		85.689			N	N	N	N		
275	L11	FALSO	8505 sh gal3	TNFSF11	UNKNOWN	SYBR	None							Undetermined							VERO	0.2	VERO	1	40		64			N	Y	Y	Y		
276	L12	FALSO	8505 sh gal3	gDNA	UNKNOWN	SYBR	None							Undetermined							VERO	0.2	VERO	1	40		61.502			N	Y	Y	Y		
277	L13	FALSO	8505 gb1107 treated	BMP2	UNKNOWN	SYBR	None							32.867	32.867						VERO	0.089	VERO	1	40		86.609			N	N	N	N		
278	L14	FALSO	8505 gb1107 treated	CCL2	UNKNOWN	SYBR	None							27.122	27.122						VERO	0.111	VERO	1	40		86.609			N	N	N	N		
279	L15	FALSO	8505 gb1107 treated	CCL5	UNKNOWN	SYBR	None							34.972	34.972						VERO	0.136	VERO	1	40		84.374			N	N	N	N		
280	L16	FALSO	8505 gb1107 treated	CCR6	UNKNOWN	SYBR	None							35.291	35.291						VERO	0.131	VERO	1	40		80.957			N	N	N	N		
281	L17	FALSO	8505 gb1107 treated	CXCL1	UNKNOWN	SYBR	None							23.373	23.373						VERO	0.132	VERO	1	40		78.985			N	N	N	N		
282	L18	FALSO	8505 gb1107 treated	CXCL6	UNKNOWN	SYBR	None							Undetermined							VERO	0.04	VERO	1	40		71.492			N	Y	N	Y		
283	L19	FALSO	8505 gb1107 treated	IL10RA	UNKNOWN	SYBR	None							35.215	35.215						VERO	0.117	VERO	1	40		80.694			N	N	N	N		
284	L20	FALSO	8505 gb1107 treated	IL1A	UNKNOWN	SYBR	None							27.466	27.466						VERO	0.131	VERO	1	40		83.191			N	N	N	N		
285	L21	FALSO	8505 gb1107 treated	IL5	UNKNOWN	SYBR	None							35.355	35.355						VERO	0.127	VERO	1	40		77.802			N	N	N	N		
286	L22	FALSO	8505 gb1107 treated	MIF	UNKNOWN	SYBR	None							21.082	21.082						VERO	0.123	VERO	1	40		85.557			N	N	N	N		
287	L23	FALSO	8505 gb1107 treated	TNFSF11	UNKNOWN	SYBR	None							Undetermined							VERO	0.2	VERO	1	40		60.845			N	Y	N	Y		
288	L24	FALSO	8505 gb1107 treated	gDNA	UNKNOWN	SYBR	None							Undetermined							VERO	0.2	VERO	1	40		61.108			N	Y	Y	Y		
289	M1	FALSO	8505 sh gal3	C5	UNKNOWN	SYBR	None							34.786	34.786						VERO	0.133	VERO	1	40		77.933			N	N	N	N		
290	M2	FALSO	8505 sh gal3	CCL20	UNKNOWN	SYBR	None							37.665	37.665						VERO	0.141	VERO	1	40		84.243			N	N	N	N		
291	M3	FALSO	8505 sh gal3	CCL7	UNKNOWN	SYBR	None							Undetermined							VERO	0.307	VERO	1	40		61.502			N	Y	N	N		
292	M4	FALSO	8505 sh gal3	CCR8	UNKNOWN	SYBR	None							Undetermined							VERO	0.2	VERO	1	40		66.234			N	Y	Y	Y		
293	M5	FALSO	8505 sh gal3	CXCL10	UNKNOWN	SYBR	None							Undetermined							VERO	0.363	VERO	1	40		66.366			N	Y	N	N		
294	M6	FALSO	8505 sh gal3	CXCL9	UNKNOWN	SYBR	None							Undetermined							VERO	0.2	VERO	1	40		66.234			N	Y	Y	Y		
295	M7	FALSO	8505 sh gal3	IL10RB	UNKNOWN	SYBR	None							33.23	33.23						VERO	0.151	VERO	1	40		78.853			N	N	N	N		
296	M8	FALSO	8505 sh gal3	IL1B	UNKNOWN	SYBR	None							31.893	31.893						VERO	0.141	VERO	1	40		84.9			N	N	N	N		
297	M9	FALSO	8505 sh gal3	IL5RA	UNKNOWN	SYBR	None							Undetermined							VERO	0.2	VERO	1	40		61.502			N	Y	Y	Y		
298	M10	FALSO	8505 sh gal3	NAMPT	UNKNOWN	SYBR	None							27.807	27.807						VERO	0.127	VERO	1	40		77.276			N	N	N	N		
299	M11	FALSO	8505 sh gal3	TNFSF13	UNKNOWN	SYBR	None							Undetermined							VERO	0.04	VERO	1	40		67.155			N	N	N	Y		
300	M12	FALSO	8505 sh gal3	PCR	UNKNOWN	SYBR	None							20.494	20.494						VERO	0.137	VERO	1	40		78.196			N	N	N	N		
301	M13	FALSO	8505 gb1107 treated	C5	UNKNOWN	SYBR	None							32.07	32.07						VERO	0.133	VERO	1	40		77.933			N	N	N	N		
302	M14	FALSO	8505 gb1107 treated	CCL20	UNKNOWN	SYBR	None							30.602	30.602						VERO	0.141	VERO	1	40		84.374			N	N	N	N		
303	M15	FALSO	8505 gb1107 treated	CCL7	UNKNOWN	SYBR	None							Undetermined							VERO	0.307	VERO	1	40		68.995			N	Y	Y	N		
304	M16	FALSO	8505 gb1107 treated	CCR8	UNKNOWN	SYBR	None							Undetermined							VERO	0.2	VERO	1	40		68.995			N	Y	Y	Y		
305	M17	FALSO	8505 gb1107 treated	CXCL10	UNKNOWN	SYBR	None							Undetermined							VERO	0.363	VERO	1	40		67.943			N	Y	Y	N		
306	M18	FALSO	8505 gb1107 treated	CXCL9	UNKNOWN	SYBR	None							Undetermined							VERO	0.2	VERO	1	40		68.469			N	Y	Y	Y		
307	M19	FALSO	8505 gb1107 treated	IL10RB	UNKNOWN	SYBR	None							31.817	31.817						VERO	0.151	VERO	1	40		78.591			N	N	N	N		
308	M20	FALSO	8505 gb1107 treated	IL1B	UNKNOWN	SYBR	None							25.966	25.966						VERO	0.141	VERO	1	40		84.769			N	N	N	N		
309	M21	FALSO	8505 gb1107 treated	IL5RA	UNKNOWN	SYBR	None							Undetermined							VERO	0.2	VERO	1	40		71.492			N	Y	Y	Y		
310	M22	FALSO	8505 gb1107 treated	NAMPT	UNKNOWN	SYBR	None							24.163	24.163						VERO	0.127	VERO	1	40		77.145			N	N	N	N		
311	M23	FALSO	8505 gb1107 treated	TNFSF13	UNKNOWN	SYBR	None							31.855	31.855						VERO	0.04	VERO	1	40		86.872			N	N	N	Y		
312	M24	FALSO	8505 gb1107 treated	PCR	UNKNOWN	SYBR	None							22.591	22.591						VERO	0.137	VERO	1	40		77.407			N	N	N	N		
313	N1	FALSO	8505 sh gal3	CCL1	UNKNOWN	SYBR	None							Undetermined							VERO	0.2	VERO	1	40		61.502			N	Y	Y	Y		
314	N2	FALSO	8505 sh gal3	CCL22	UNKNOWN	SYBR	None							Undetermined							VERO	0.2	VERO	1	40		66.103			N	Y	Y	Y		
315	N3	FALSO	8505 sh gal3	CCL8	UNKNOWN	SYBR	None							Undetermined							VERO	0.2	VERO	1	40		68.995			N	N	N	Y		
316	N4	FALSO	8505 sh gal3	CD40LG	UNKNOWN	SYBR	None							Undetermined							VERO	0.2	VERO	1	40		68.206			N	Y	Y	Y		
317	N5	FALSO	8505 sh gal3	CXCL11	UNKNOWN	SYBR	None							Undetermined							VERO	0.2	VERO	1	40		66.629			N	Y	Y	Y		
318	N6	FALSO	8505 sh gal3	CXCLR1	UNKNOWN	SYBR	None							Undetermined							VERO	0.2	VERO	1	40		66.629			N	Y	Y	Y		
319	N7	FALSO	8505 sh gal3	IL13	UNKNOWN	SYBR	None							34.815	34.815						VERO	0.041	VERO	1	40		75.436			N	N	N	N		
320	N8	FALSO	8505 sh gal3	IL1R1	UNKNOWN	SYBR	None							Undetermined							VERO	0.13	VERO	1	40		66.76			N	Y	Y	N		
321	N9	FALSO	8505 sh gal3	IL7	UNKNOWN	SYBR	None							29.406	29.406						VERO	0.12	VERO	1	40		76.619			N	N	N	N		
322	N10	FALSO	8505 sh gal3	OSM	UNKNOWN	SYBR	None							Undetermined							VERO	0.2	VERO	1	40		66.234			N	Y	Y	Y		
323	N11	FALSO	8505 sh gal3	TNFSF13B	UNKNOWN	SYBR	None							33.705	33.705						VERO	0.215	VERO	1	40		81.482			N	N	N	N		
324	N12	FALSO	8505 sh gal3	RQ1	UNKNOWN	SYBR	None							28.492	28.492						VERO	0.128	VERO	1	40		82.797			N	N	N	N		
325	N13	FALSO	8505 gb1107 treated	CCL1	UNKNOWN	SYBR	None							Undetermined							VERO	0.2	VERO	1	40		60.976			N	Y	Y	Y		
326	N14	FALSO	8505 gb1107 treated	CCL22	UNKNOWN	SYBR	None							Undetermined							VERO	0.2	VERO	1	40		68.338			N	Y	Y	Y		
327	N15	FALSO	8505 gb1107 treated	CCL8	UNKNOWN	SYBR	None							Undetermined							VERO	0.2	VERO	1	40		68.732			N	N	N	Y		
328	N16	FALSO	8505 gb1107 treated	CD40LG	UNKNOWN	SYBR	None							Undetermined							VERO	0.2	VERO	1	40		68.338			N	Y	Y	Y		
329	N17	FALSO	8505 gb1107 treated	CXCL11	UNKNOWN	SYBR	None							Undetermined							VERO	0.2	VERO	1	40		68.469			N	Y	Y	Y		
330	N18	FALSO	8505 gb1107 treated	CXCLR1	UNKNOWN	SYBR	None							Undetermined							VERO	0.2	VERO	1	40		68.732			N	Y	Y	Y		
331	N19	FALSO	8505 gb1107 treated	IL13	UNKNOWN	SYBR	None							Undetermined							VERO	0.041	VERO	1	40		68.863			N	Y	Y	N		
332	N20	FALSO	8505 gb1107 treated	IL1R1	UNKNOWN	SYBR	None							34.617	34.617						VERO	0.13	VERO	1	40		80.168			N	N	N	N		
333	N21	FALSO	8505 gb1107 treated	IL7	UNKNOWN	SYBR	None							28.358	28.358						VERO	0.12	VERO	1	40		76.356			N	N	N	N		
334	N22	FALSO	8505 gb1107 treated	OSM	UNKNOWN	SYBR	None							Undetermined							VERO	0.2	VERO	1	40		67.812			N	Y	Y	Y		
335	N23	FALSO	8505 gb1107 treated	TNFSF13B	UNKNOWN	SYBR	None							Undetermined							VERO	0.215	VERO	1	40		67.68			N	Y	Y	N		
336	N24	FALSO	8505 gb1107 treated	RQ1	UNKNOWN	SYBR	None							24.676	24.676						VERO	0.128	VERO	1	40		82.402			N	N	N	N		
337	O1	FALSO	8505 sh gal3	CCl11	UNKNOWN	SYBR	None							Undetermined							VERO	0.2	VERO	1	40		65.577			N	Y	Y	Y		
338	O2	FALSO	8505 sh gal3	CCL23	UNKNOWN	SYBR	None							Undetermined							VERO	0.2	VERO	1	40		66.76			N	Y	Y	Y		
339	O3	FALSO	8505 sh gal3	CCR1	UNKNOWN	SYBR	None							Undetermined							VERO	0.2	VERO	1	40		61.371			N	Y	Y	Y		
340	O4	FALSO	8505 sh gal3	CSF1	UNKNOWN	SYBR	None							34.076	34.076						VERO	0.133	VERO	1	40		77.802			N	N	N	N		
341	O5	FALSO	8505 sh gal3	CXCL12	UNKNOWN	SYBR	None							Undetermined							VERO	0.2	VERO	1	40		66.234			N	Y	Y	Y		
342	O6	FALSO	8505 sh gal3	CXCR2	UNKNOWN	SYBR	None							Undetermined							VERO	0.2	VERO	1	40		66.497			N	Y	Y	Y		
343	O7	FALSO	8505 sh gal3	IL15	UNKNOWN	SYBR	None							30.17	30.17						VERO	0.138	VERO	1	40		76.882			N	N	N	N		
344	O8	FALSO	8505 sh gal3	IL1RN	UNKNOWN	SYBR	None							Undetermined							VERO	0.288	VERO	1	40		66.234			N	Y	Y	N		
345	O9	FALSO	8505 sh gal3	IL8	UNKNOWN	SYBR	None							28.454	28.454						VERO	0.129	VERO	1	40		80.299			N	N	N	N		
346	O10	FALSO	8505 sh gal3	RPLP0	UNKNOWN	SYBR	None							25.624	25.624						VERO	0.124	VERO	1	40		82.534			N	N	N	N		
347	O11	FALSO	8505 sh gal3	TNFSF4	UNKNOWN	SYBR	None							Undetermined							VERO	0.097	VERO	1	40		66.76			N	Y	Y	N		
348	O12	FALSO	8505 sh gal3	RQ2	UNKNOWN	SYBR	None							39.549	39.549						VERO	0.151	VERO	1	40		83.191			N	N	N	N		
349	O13	FALSO	8505 gb1107 treated	CCl11	UNKNOWN	SYBR	None							Undetermined							VERO	0.2	VERO	1	40		68.732			N	Y	Y	Y		
350	O14	FALSO	8505 gb1107 treated	CCL23	UNKNOWN	SYBR	None							Undetermined							VERO	0.2	VERO	1	40		67.417			N	Y	Y	Y		
351	O15	FALSO	8505 gb1107 treated	CCR1	UNKNOWN	SYBR	None							Undetermined							VERO	0.2	VERO	1	40		61.239			N	Y	Y	Y		
352	O16	FALSO	8505 gb1107 treated	CSF1	UNKNOWN	SYBR	None							30.765	30.765						VERO	0.133	VERO	1	40		77.802			N	N	N	N		
353	O17	FALSO	8505 gb1107 treated	CXCL12	UNKNOWN	SYBR	None							Undetermined							VERO	0.2	VERO	1	40		67.68			N	Y	Y	Y		
354	O18	FALSO	8505 gb1107 treated	CXCR2	UNKNOWN	SYBR	None							Undetermined							VERO	0.2	VERO	1	40		68.075			N	Y	Y	Y		
355	O19	FALSO	8505 gb1107 treated	IL15	UNKNOWN	SYBR	None							27.401	27.401						VERO	0.138	VERO	1	40		76.619			N	N	N	N		
356	O20	FALSO	8505 gb1107 treated	IL1RN	UNKNOWN	SYBR	None							Undetermined							VERO	0.288	VERO	1	40		68.469			N	Y	N	N		
357	O21	FALSO	8505 gb1107 treated	IL8	UNKNOWN	SYBR	None							25.121	25.121						VERO	0.129	VERO	1	40		80.168			N	N	N	N		
358	O22	FALSO	8505 gb1107 treated	RPLP0	UNKNOWN	SYBR	None							20.282	20.282						VERO	0.124	VERO	1	40		86.872	81.877		Y	N	N	N		
359	O23	FALSO	8505 gb1107 treated	TNFSF4	UNKNOWN	SYBR	None							32.726	32.726						VERO	0.097	VERO	1	40		78.591			N	N	N	N		
360	O24	FALSO	8505 gb1107 treated	RQ2	UNKNOWN	SYBR	None							28.967	28.967						VERO	0.151	VERO	1	40		82.797			N	N	N	N		
361	P1	FALSO	8505 sh gal3	CCL13	UNKNOWN	SYBR	None							Undetermined							VERO	0.2	VERO	1	40		65.84			N	Y	Y	Y		
362	P2	FALSO	8505 sh gal3	CCL24	UNKNOWN	SYBR	None							Undetermined							VERO	0.04	VERO	1	40		66.366			N	Y	Y	Y		
363	P3	FALSO	8505 sh gal3	CCR2	UNKNOWN	SYBR	None							Undetermined							VERO	0.2	VERO	1	40		65.972			N	Y	Y	Y		
364	P4	FALSO	8505 sh gal3	CSF2	UNKNOWN	SYBR	None							Undetermined							VERO	0.097	VERO	1	40		66.497			N	Y	Y	N		
365	P5	FALSO	8505 sh gal3	CXCL13	UNKNOWN	SYBR	None							Undetermined							VERO	0.04	VERO	1	40		66.103			N	Y	Y	Y		
366	P6	FALSO	8505 sh gal3	FASLG	UNKNOWN	SYBR	None							Undetermined							VERO	0.286	VERO	1	40		61.108			N	Y	Y	N		
367	P7	FALSO	8505 sh gal3	IL16	UNKNOWN	SYBR	None							Undetermined							VERO	0.136	VERO	1	40		66.366			N	Y	Y	N		
368	P8	FALSO	8505 sh gal3	IL21	UNKNOWN	SYBR	None							Undetermined							VERO	0.2	VERO	1	40		61.239			N	Y	Y	Y		
369	P9	FALSO	8505 sh gal3	IL9	UNKNOWN	SYBR	None							Undetermined							VERO	0.2	VERO	1	40		61.371			N	Y	Y	Y		
370	P10	FALSO	8505 sh gal3	SPP1	UNKNOWN	SYBR	None							Undetermined							VERO	0.139	VERO	1	40		73.858			N	N	N	N		
371	P11	FALSO	8505 sh gal3	VEGFA	UNKNOWN	SYBR	None							33.538	33.538						VERO	0.131	VERO	1	40		83.191			N	N	N	N		
372	P12	FALSO	8505 sh gal3	RT	UNKNOWN	SYBR	None							33.512	33.512						VERO	0.124	VERO	1	40		74.384			N	N	N	N		
373	P13	FALSO	8505 gb1107 treated	CCL13	UNKNOWN	SYBR	None							Undetermined							VERO	0.2	VERO	1	40		68.732			N	Y	Y	Y		
374	P14	FALSO	8505 gb1107 treated	CCL24	UNKNOWN	SYBR	None							38.669	38.669						VERO	0.04	VERO	1	40		67.549			N	N	N	Y		
375	P15	FALSO	8505 gb1107 treated	CCR2	UNKNOWN	SYBR	None							Undetermined							VERO	0.2	VERO	1	40		68.206			N	Y	Y	Y		
376	P16	FALSO	8505 gb1107 treated	CSF2	UNKNOWN	SYBR	None							35.457	35.457						VERO	0.097	VERO	1	40		83.06			N	N	N	N		
377	P17	FALSO	8505 gb1107 treated	CXCL13	UNKNOWN	SYBR	None							36.803	36.803						VERO	0.04	VERO	1	40		87.923			N	N	N	Y		
378	P18	FALSO	8505 gb1107 treated	FASLG	UNKNOWN	SYBR	None							Undetermined							VERO	0.286	VERO	1	40		67.812			N	Y	Y	N		
379	P19	FALSO	8505 gb1107 treated	IL16	UNKNOWN	SYBR	None							35.219	35.219						VERO	0.136	VERO	1	40		81.351			N	N	N	N		
380	P20	FALSO	8505 gb1107 treated	IL21	UNKNOWN	SYBR	None							Undetermined							VERO	0.2	VERO	1	40		67.812			N	Y	Y	Y		
381	P21	FALSO	8505 gb1107 treated	IL9	UNKNOWN	SYBR	None							Undetermined							VERO	0.2	VERO	1	40		61.239			N	Y	Y	Y		
382	P22	FALSO	8505 gb1107 treated	SPP1	UNKNOWN	SYBR	None							31.829	31.829						VERO	0.139	VERO	1	40		81.351			N	N	N	N		
383	P23	FALSO	8505 gb1107 treated	VEGFA	UNKNOWN	SYBR	None							29.558	29.558						VERO	0.131	VERO	1	40		82.797			N	N	N	N		
384	P24	FALSO	8505 gb1107 treated	RT	UNKNOWN	SYBR	None							31.954	31.954						VERO	0.124	VERO	1	40		74.121			N	N	N	N		
